acta,producto,muestra,clasificacion,articulos,rotulado_frontal,marca,fecha_de_analisis,habilitacion_de_producto,vencimiento,lote,contenido_neto
128113,Helado de agua con preparado de limón,774547,La muestra analizada no presenta particularidades desde el punto de vista quimico para los parametros analizados,,En condiciones,CONAPROLE,2024-12-30,1395/1159,2026-03-27,260327C,525 g / 1 L
128111,LECHE ENTERA UHT. Libre de gluten,774553,La muestra analizada no presenta particularidades desde el punto de vista quimico para los parametros analizados,,En condiciones,CONAPROLE,2024-12-30,1395/758,2025-08-14,510982138 08,1L
128113,HELADO DE  FRUTILLA SIN AZUCARES AGREGADOS,774548,La muestra analizada no presenta particularidades desde el punto de vista quimico para los parametros analizados,,En condiciones,LA CIGALE,2024-12-30,2440/501,2025-11-08,1114,800 ml / 580 g
128113,HELADO DE AGUA SABOR NARANJA,774549,La muestra analizada no presenta particularidades desde el punto de vista quimico para los parametros analizados,,En condiciones,CONAPROLE,2024-12-30,1395/50,2026-10-08,261008   S1,58 g
128113,Helado de agua sabor limon,774551,La muestra analizada no presenta particularidades desde el punto de vista quimico para los parametros analizados,,En condiciones,CONAPROLE,2024-12-30,1395/913,2026-10-29,261029 S,58 g
128111,Leche UHT descremada Larga Vida. Libre de gluten,774555,La muestra analizada no presenta particularidades desde el punto de vista quimico para los parametros analizados,,En condiciones,BLANCANUBE,2024-12-30,1395/1013,2025-08-05,509481337 02,1L
128112,JUGO DE NARANJA,774557,La muestra analizada no presenta particularidades desde el punto de vista quimico para los parametros analizados,,En condiciones,GROW,2024-12-30,17779/213,2025-11-12,12 11004,1 L
128111,LECHE DESCREMADA UHT ADICIONADA DE VITAMINAS A Y D3. LIBRE DE GLUTEN,774552,La muestra analizada no presenta particularidades desde el punto de vista quimico para los parametros analizados,,En condiciones,CONAPROLE,2024-12-30,1395/1184,2025-04-29,50878188 09,1L
128111,LECHE DESCREMADA UHT - Libre de gluten,774554,La muestra analizada no presenta particularidades desde el punto de vista quimico para los parametros analizados,,En condiciones,CONAPROLE,2024-12-30,1395/757,2025-07-29,508682137 05,1L
128113,HELADO DE AGUA SABOR FRUTILLA,774550,La muestra analizada no presenta particularidades desde el punto de vista quimico para los parametros analizados,,En condiciones,CONAPROLE,2024-12-30,1395/47,2026-02-13,260213 S,58 g
128111,Leche parcialmente descremada UAT homogeneizada. adicionada con vitaminas A y D. Sin lactosa. libre de gluten,774556,La muestra analizada no presenta particularidades desde el punto de vista quimico para los parametros analizados,,En condiciones,LA SERENISIMA,2024-12-30,19271/1169,2025-02-22,078034009008,1L
128112,Néctar de pomelo orgánico reducido en azúcares con 50% de pulpa y jugo libre de gluten,774558,La muestra analizada no presenta particularidades desde el punto de vista quimico para los parametros analizados,,En condiciones,CAMPO CLARO,2024-12-30,8345/1271,2025-03-21,220324017,1 L
128110,ANANAS EN ALMIBAR,774545,La muestra analizada no presenta particularidades desde el punto de vista quimico para los parametros analizados,,En condiciones,LA CAMPAGNOLA,2024-12-27,1409/2897,2025-07-28,L072822,825 g
128110,PERAS EN MITADES EN  ALMIBAR DILUIDO LIBRE DE GLUTEN,774544,La muestra analizada no presenta particularidades desde el punto de vista quimico para los parametros analizados,,En condiciones,RIO DE LA PLATA,2024-12-27,5529/1744,2027-03-31,L:16/07/2024 14:33,820 g
128110,DURAZNOS AMARILLOS EN MITADES COMUNES EN JARABE DILUIDO LIBRE DE GLUTEN,774546,La muestra analizada no presenta particularidades desde el punto de vista quimico para los parametros analizados,,En condiciones,ARCOR,2024-12-27,1409/8403,2026-01-31,43323 14:30,820 g
128109,DURAZNOS EN ALMIBAR LIVIANO EN MITADES,774543,La muestra analizada no presenta particularidades desde el punto de vista quimico para los parametros analizados,,En condiciones,SUNSET,2024-12-26,35050/274,2027-01-31,L-03424 20:17,820 g
128109,DURAZNOS MITADES EN ALMÍBAR,774541,La muestra analizada no presenta particularidades desde el punto de vista quimico para los parametros analizados,,En condiciones,PRECIO LÍDER,2024-12-26,8345/1586,2027-05-26,L:NV00NE,830 g
128109,Ananá en rodajas en almíbar,774542,La muestra analizada no presenta particularidades desde el punto de vista quimico para los parametros analizados,,En condiciones,PRECIO LÍDER,2024-12-26,8345/1585,2027-09-30,PAB002,830 g
128108,CEREZAS CONFITADAS,774539,Fuera de las condiciones reglamentarias,Resolución S/N/2024 Reglamento Normativo de Productos Art. 10. El registro del producto está vencido.,En condiciones,EMIGRANTE,2024-12-23,4817/1280,2025-05-31,29482,400 g
128106,DURAZNOS EN ALMIBAR LIVIANO EN MITADES,774536,La muestra analizada no presenta particularidades desde el punto de vista quimico para los parametros analizados,,En condiciones,DEMAS,2024-12-20,35050/277,2027-01-31,L-03324 10:52 ENV ENERO-2024,820 g
128106,DURAZNOS EN MITADES EN ALMÍBAR DIETÉTICO 68% REDUCIDOS EN CALORÍAS LIBRE DE GLUTEN,774535,La muestra analizada no presenta particularidades desde el punto de vista quimico para los parametros analizados,,En condiciones,EQUADOR,2024-12-20,11913/2762,2026-01-31,L-28623 06:45,800 g
128106,HIGOS EN ALMIBAR CONCENTRADO,774531,La muestra analizada no presenta particularidades desde el punto de vista quimico para los parametros analizados,,En condiciones,COSECHA DORADA,2024-12-20,7661/56,2027-02-09,Fab:09/02/2024 SOL003FIGO,790 g
128090,Fruta glaseada,774538,La muestra analizada no presenta particularidades desde el punto de vista quimico para los parametros analizados,,En condiciones,LA GRANJERA,2024-12-20,7263/16635,2025-10-31,101024,400g
128106,ANANÁ EN RODAJAS EN ALMIBAR LIVIANO,774532,La muestra analizada no presenta particularidades desde el punto de vista quimico para los parametros analizados,,En condiciones,AMERICAN FOOD,2024-12-20,26206/27,2026-04-22,BM29 ELAB:22/04/2024,830 g
128107,Barra de cereal sabor frutilla con frutilla,774537,La muestra analizada no presenta particularidades desde el punto de vista quimico para los parametros analizados,,En condiciones,QUAKER,2024-12-20,3086/1296,2025-04-30,100916854 :47:15,138 g
128106,CEREZAS CONFITADAS EN ALMIBAR SABOR AL MARRASQUINO,774534,La muestra analizada no presenta particularidades desde el punto de vista quimico para los parametros analizados,,En condiciones,COSECHA DORADA,2024-12-20,7661/155,2027-11-10,VD-10 101123/110,3.1 Kg
128106,Frutillas enteras en almibar concentrado - Sin gluten,774533,La muestra analizada no presenta particularidades desde el punto de vista quimico para los parametros analizados,,En condiciones,COSECHA DORADA-GOLDEN CROP,2024-12-20,7661/254,2026-03-24,FSC268 ENV:25/09/2023 14:29,520 g
128105,BARRA DE CEREALES SABOR BROWNIE CON COBERTURA SABOR CHOCOLATE SIN AZUCARES AGREGADOS,774528,La muestra analizada no presenta particularidades desde el punto de vista quimico para los parametros analizados,,En condiciones,PORTEZUELO - NUTRILATE,2024-12-19,12/1087,2025-07-24,20624 19:40,25 g
128105,BARRA DE CEREALES CON DAMASCO Y MANZANA SIN AZUCARES AGREGADOS,774530,La muestra analizada no presenta particularidades desde el punto de vista quimico para los parametros analizados,,En condiciones,PORTEZUELO - NUTRILATE,2024-12-19,12/1086,2025-07-04,18624 20:12,25 g
128105,Barra de cereales,774529,La muestra analizada no presenta particularidades desde el punto de vista quimico para los parametros analizados,,En condiciones,CEREAL MIX ARCOR,2024-12-19,1409/8259,2025-06-25,25062025-AO 13:04 M23,23 g
128103,CIRUELAS  DESHIDRATADAS SIN CAROZO,774524,La muestra analizada no presenta particularidades desde el punto de vista quimico para los parametros analizados,,En condiciones,RIO DE LA PLATA,2024-12-18,5529/1243,2025-10-09,283,200 g
128103,PASAS DE UVA MORENAS SIN SEMILLA,774525,La muestra analizada no presenta particularidades desde el punto de vista quimico para los parametros analizados,,En condiciones,LA ABUNDANCIA,2024-12-18,394/17,2025-09-30,4326,250 g
128103,Dátiles con carozo deshidratados endulzados,774522,La muestra analizada no presenta particularidades desde el punto de vista quimico para los parametros analizados,,En condiciones,KARTAGO,2024-12-18,11913/2292,2025-10-31,LNR 115 YU/23,200 g
128103,FRUTA CONFITADA ESCURRIDA,774526,Fuera de las condiciones reglamentarias,Decreto 315/994 Art. 19.3.68. En la rotulación no declara los porcentajes de los vegetales componentes de la mezcla.,En condiciones,LA ABUNDANCIA,2024-12-18,394/1179,2026-04-30,L4317,250 g
128103,CEREZAS CONFITADAS ROJAS ENTERAS,774527,La muestra analizada no presenta particularidades desde el punto de vista quimico para los parametros analizados,,En condiciones,LA ABUNDANCIA,2024-12-18,394/132,2026-07-22,4316,120 g
128103,Pasas de uva morenas sin semillas,774523,La muestra analizada no presenta particularidades desde el punto de vista quimico para los parametros analizados,,En condiciones,TA-TA,2024-12-18,18138/380,2025-08-31,32984,100 g
128085,TURRON CROCANTE DE MANI SABOR CHOCOLATE,774521,La muestra analizada no presenta particularidades desde el punto de vista quimico para los parametros analizados,,En condiciones,RONDA,2024-12-17,1281/52,2025-07-31,R C 071,70 g
128085,Turrón de chocolate sabor a whisky libre de gluten,774516,Fuera de las condiciones reglamentarias,Decreto 117/006 Resolución GMC 26/03 Art. 6.4.1. En el rótulo no figura el número de registro del producto. Art. 8.1. La denominación de venta no figura en la cara principal y la visibilidad no es correcta debido a las dimensiones de los caracteres.,En condiciones,PICO,2024-12-17,30835/96,2025-07-31,24.166 L3,200 g
128085,Turrón con maní tostado,774514,La muestra analizada no presenta particularidades desde el punto de vista quimico para los parametros analizados,,En condiciones,PICO,2024-12-17,30835/196,2026-03-31,24.247,150g
128085,TURRON DE MANI CUBIERTO CON BAÑO DE REPOSTERIA,774519,La muestra analizada no presenta particularidades desde el punto de vista quimico para los parametros analizados,,En condiciones,GEORGALOS,2024-12-17,5429/750,2025-09-30,02 1L24502,65 g
128085,TURRÓN DE JIJONA - SIN GLUTEN,774518,La muestra analizada no presenta particularidades desde el punto de vista quimico para los parametros analizados,,En condiciones,ANTIU XIXONA,2024-12-17,4817/882,2026-07-31,20441 2,150 g
128085,TURRÓN BLANDO DE MANÍ SABOR CHOCOLATE,774520,La muestra analizada no presenta particularidades desde el punto de vista quimico para los parametros analizados,,En condiciones,VALLE DEL SOL,2024-12-17,3106/1025,2026-11-30,L311 13:13:41,70 g
128085,Simil chocolate con guindas al licor,774515,Fuera de las condiciones reglamentarias,Resolución S/N/2024 Reglamento Normativo de Productos Art. 10. El producto no se comercializa de acuerdo a lo registrado.,En condiciones,PICO,2024-12-17,30835/94,2025-07-31,24 166 L3,200 g
128085,TURRÓN DURO ¿ SIN GLUTEN,774517,La muestra analizada no presenta particularidades desde el punto de vista quimico para los parametros analizados,,En condiciones,MONERRIS LLINARES,2024-12-17,4817/876,2026-07-31,20142 3,150 g
128081,Crema helada sabor vainilla. sabor frutilla y de chocolate.,774510,La muestra analizada no presenta particularidades desde el punto de vista quimico para los parametros analizados,,En condiciones,LEKKER,2024-12-16,23957/501,2026-04-26,2024 04 26,450 g / 900 ml
128081,Helado de leche de maní con relleno a base de maní y chocolate con leche,774512,La muestra analizada no presenta particularidades desde el punto de vista quimico para los parametros analizados,,En condiciones,BON O BON,2024-12-16,1409/6052,2026-01-17,17/10/2026 IC B 12:02,250 g / 450 cm3
128081,CREMA HELADA: CHOCOLATE CON ALMENDRAS,774511,La muestra analizada no presenta particularidades desde el punto de vista quimico para los parametros analizados,,En condiciones,LA CIGALE,2024-12-16,2440/88,2025-11-18,2114,800 mL
128081,Helado de crema de dulce de leche cubierto con baño de repostería semiamargo,774513,La muestra analizada no presenta particularidades desde el punto de vista quimico para los parametros analizados,,En condiciones,FREDDO,2024-12-16,23420/165,2025-07-31,11072023 U,180 g
128081,Crema helada sabor avellanas con cacao veteado con salsa crocante sabor gianduia,774509,La muestra analizada no presenta particularidades desde el punto de vista quimico para los parametros analizados,,En condiciones,TIENDA INGLESA PREMIUM,2024-12-16,1712/382,2026-10-31,16  13:20,1.9 L / 1.05 Kg
128081,Crema helada sabor vainilla. chocolate y frutilla,774508,La muestra analizada no presenta particularidades desde el punto de vista quimico para los parametros analizados,,En condiciones,TIENDA INGLESA,2024-12-16,1712/377,2026-09-30,09   10:09,1.9 L
128077,BARRA DE CEREALES CON CASTAÑAS DE BRASIL,774496,La muestra analizada no presenta particularidades desde el punto de vista quimico para los parametros analizados,,En condiciones,NUTRY,2024-12-13,11913/925,2025-06-10,C1 008169,528 g
128077,BARRA DE CEREALES SIN ADICCION DE AZÚCARES CON CAFE Y COBERTURA SABOR CHOCOLATE BLANCO,774497,Fuera de las condiciones reglamentarias,Resolución S/N/024. Reglamento Normativo de Empresas Locales y Vehículos. Anexo Reglamentario al Convenio Institucional de RUNAEV. Reglamento de Productos Artículo 1. El producto no está registrado.,En condiciones,RITTER,2024-12-13,No posee registro,2025-07-02,184,528 g
128077,Barra de cereal con frutilla y chocolate con leche,774498,La muestra analizada no presenta particularidades desde el punto de vista quimico para los parametros analizados,,En condiciones,CEREAL MIX ARCOR,2024-12-13,1409/8011,2025-07-16,16072025-AO 22-11,520 g
128076,BOCADITOS DE MAIZ SABOR QUESO,774504,Fuera de las condiciones reglamentarias,Decreto 117/006 Resolución GMC Nº 46/03 Anexo B Modelo vertical A. No se especifican las unidades de los valores declarados ni la leyenda de valores diarios. Decretos 272/018 y 34/021. De acuerdo a lo declarado en la información nutricional debe presentar rotulado frontal por exceso de grasa.,Fuera de condiciones,GUAZU,2024-12-13,20574/50,2025-03-30,30/03/2025,120 g
128078,DURAZNOS EN ALMIBAR LIVIANO EN MITADES,774491,La muestra analizada no presenta particularidades desde el punto de vista quimico para los parametros analizados,,En condiciones,NIDEMAR,2024-12-13,35050/273,2027-01-31,L-03124 12:23,820 g
128076,maní pelado frito sin sal agregada,774506,La muestra analizada no presenta particularidades desde el punto de vista quimico para los parametros analizados,,En condiciones,MANIX,2024-12-13,3086/1165,2025-03-15,L188903124 U1,350 g
128078,DURAZNOS EN ALMIBAR LIVIANO EN MITADES,774493,La muestra analizada no presenta particularidades desde el punto de vista quimico para los parametros analizados,,En condiciones,CEFA,2024-12-13,35050/276,2027-01-31,L-42124 07:43,820 g
128078,DURAZNOS EN MITADES EN ALMIBAR LIVIANO,774494,La muestra analizada no presenta particularidades desde el punto de vista quimico para los parametros analizados,,En condiciones,RIO DE LA PLATA,2024-12-13,5529/136,2026-02-18,L 9291,820 g
128076,SALADITOS PARA COPETIN SABOR QUESO,774503,La muestra analizada no presenta particularidades desde el punto de vista quimico para los parametros analizados,,En condiciones,CHIO,2024-12-13,11913/1220,2025-01-27,HR 20B 07:32,80 g
128077,BARRA DE CEREALES SABOR A FRUTOS ROJOS CON GALLETA DE CACAO,774499,La muestra analizada no presenta particularidades desde el punto de vista quimico para los parametros analizados,,En condiciones,NUTRY,2024-12-13,11913/1858,2025-06-05,A3A 008034,528 g
128076,papas fritas,774501,La muestra analizada no presenta particularidades desde el punto de vista quimico para los parametros analizados,,En condiciones,LAY'S,2024-12-13,3086/434,2025-01-12,L265 18:02:45 N07,150 g
128076,Papas fritas con cáscara con sabor a hierbas y limón,774500,La muestra analizada no presenta particularidades desde el punto de vista quimico para los parametros analizados,,En condiciones,LAY'S,2024-12-13,3086/1225,2025-03-31,01 1426LD 83002444,100 g
128078,DURAZNOS EN MITADES EN ALMIBAR DIETÉTICO - REDUCIDOS 68% EN VALOR ENERGÉTICO*- SIN GLUTEN,774492,La muestra analizada no presenta particularidades desde el punto de vista quimico para los parametros analizados,,En condiciones,COSECHA DORADA,2024-12-13,7661/320,2027-01-31,L-01424 10:16 Env 01-2024,800 g
128076,BOCADITOS DE MAIZ SABOR QUESO,774502,La muestra analizada no presenta particularidades desde el punto de vista quimico para los parametros analizados,,En condiciones,MANOLO DE PUNTA DEL ESTE,2024-12-13,20574/24,2025-03-30,30/03/2025,45 g
128076,FORMITAS DE HARINA DE MAIZ CON SABOR A JAMON. -TUBITOS-,774505,La muestra analizada no presenta particularidades desde el punto de vista quimico para los parametros analizados,,En condiciones,NIKITOS,2024-12-13,1192/11,2025-05-30,30/05/2025,100 g
128077,Barra de cereales dietética con manzana,774495,La muestra analizada no presenta particularidades desde el punto de vista quimico para los parametros analizados,,En condiciones,ARCOR CEREAL MIX,2024-12-13,1409/8251,2025-02-21,21022025-AO 02:29,460 g
128076,MEZCLA DE MANI. ALMENDRAS Y CASTAÑAS DE CAJÚ,774507,Fuera de las condiciones reglamentarias,Decretos 272/018 y 34/021. De acuerdo a lo declarado en  la información nutricional debe presentar rotulado frontal por exceso de sodio. Presenta rotulado fronta del país de origen. no cumple lo establecido en la normativa.,Fuera de condiciones,CROPPERS,2024-12-13,11913/2905,2025-05-05,MC08240003,85 g
128075,ANANA EN RODAJAS EN ALMIBAR LIVIANO,774489,Fuera de las condiciones reglamentarias,Resolución S/N/2024 Reglamento Normativo de Productos Art. 10. El registro del producto está vencido.,En condiciones,VITER,2024-12-12,25528/462,2025-06-20,20062025 3620,840 g
128075,DURAZNOS EN ALMIBAR MITADES,774490,Fuera de las condiciones reglamentarias,Resolución S/N/2024 Reglamento Normativo de Productos Art. 10. El registro del producto está vencido. Decreto 117/006 Resolución GMC 26/03 Art. 3.1a) La rotulación es confusa. presenta dos denominaciones de venta diferentes.,En condiciones,KING,2024-12-12,13426/102,2027-01-31,L-19024,820 g
128070,TURRON BLANDO DE MANI SABOR CHOCOLATE,774485,La muestra analizada no presenta particularidades desde el punto de vista quimico para los parametros analizados,,En condiciones,PRECIO LÍDER,2024-12-11,4463/2848,2026-09-30,250 12:13:39,70g
128070,TURRON DURO LIBRE DE GLUTEN,774481,La muestra analizada no presenta particularidades desde el punto de vista quimico para los parametros analizados,,En condiciones,MEMORABLE,2024-12-11,4463/1034,2025-12-31,42651,150 g
128070,Turrón Crocante de Maní Sabor Almendra,774482,La muestra analizada no presenta particularidades desde el punto de vista quimico para los parametros analizados,,En condiciones,SKI,2024-12-11,260/5001,2025-07-31,SA 053,115 g
128070,TURRON BLANDO DE MANI CUBIERTO CON COBERTURA SABOR CHOCOLATE,774487,La muestra analizada no presenta particularidades desde el punto de vista quimico para los parametros analizados,,En condiciones,PORTEZUELO,2024-12-11,12/817,2026-06-30,155 09:28:35,70g
128070,TURRON BLANDO DE MANI SABOR CHOCOLATE CUBIERTO CON COBERTURA SABOR CHOCOLATE,774486,La muestra analizada no presenta particularidades desde el punto de vista quimico para los parametros analizados,,En condiciones,PORTEZUELO,2024-12-11,12/819,2026-06-30,164 10:50:38,70g
128070,TURRÓN DE MANÍ DURO ¿ SIN GLUTEN,774483,La muestra analizada no presenta particularidades desde el punto de vista quimico para los parametros analizados,,En condiciones,EL BELEN,2024-12-11,4817/2649,2026-07-31,19942 8,150 g
128070,TURRON CROCANTE DE MANI SABOR ALMENDRAS,774488,La muestra analizada no presenta particularidades desde el punto de vista quimico para los parametros analizados,,En condiciones,BEN-HUR,2024-12-11,260/5101,2025-07-31,BA046,115g
128070,TURRON DE ALICANTE SIN AZUCARES AGREGADOS LIBRE DE GLUTEN,774484,La muestra analizada no presenta particularidades desde el punto de vista quimico para los parametros analizados,,En condiciones,EL LOBO,2024-12-11,4463/559,2025-11-30,42141,200g
128066,CREMA HELADA SABOR MENTA Y CHOCOLATE CON SALSA DE CHOCOLATE,774480,Fuera de las condiciones reglamentarias,La muestra no cumple con lo establecido en Decreto 315/994 Cap 28 art. 3.4 su contenido de grasa es menor al límite establecido. Resolución S/N/024  Reglamento Normativo de Empresas Locales y Vehículos. Anexo Reglamentario al Convenio Institucional de RUNAEV art 1 el producto no está registrado.,En condiciones,CRUFI,2024-12-10,No posee registro,2026-10-31,02  09:50,1 L / 500 g
128066,CREMA HELADA SABOR FLAN CON SALSA DE DULCE DE LECHE,774479,La muestra analizada no presenta particularidades desde el punto de vista quimico para los parametros analizados,,En condiciones,CRUFI,2024-12-10,1712/58,2026-10-31,03  08:46,1 L/ 500 g
128067,CREMA HELADA AMERICANA CON SALSA DE FRUTILLA,774478,La muestra analizada no presenta particularidades desde el punto de vista quimico para los parametros analizados,,En condiciones,ARCOR HELADOS,2024-12-10,1409/7369,2025-07-13,EF 13 07 2025,450 g/ 900 cm3
128067,HELADO DE LECHE SABOR DULCE DE LECHE CON GRANAS SIMIL CHOCOLATE,774477,La muestra analizada no presenta particularidades desde el punto de vista quimico para los parametros analizados,,En condiciones,TA-TA,2024-12-10,18138/70,2025-04-30,21  14:32,1 L
128065,CREMA HELADA SABOR VAINILLA CON SALSA SABOR FRUTILLA,774476,Fuera de las condiciones reglamentarias,Decreto 315/994 capitulo 28 art. 3.4 el porcentaje de grasa es menor al valor mínimo establecido.(6% m/m). Resolución S/N/2024 Reglamento Normativo de Productos Art. 9. El registro del producto está vencido.,En condiciones,OASIS,2024-12-10,372/43,2026-12-02,89,1 L / 500 g
128065,CREMA HELADA SABOR VAINILLA Y DULCE DE LECHE,774475,Fuera de las condiciones reglamentarias,Decreto 315/994 capitulo 28 art. 3.4 el porcentaje de grasa es menor al valor mínimo establecido.(6% m/m). Resolución S/N/2024. Reglamento Normativo de Productos Art. 9. El registro del producto está vencido.,En condiciones,OASIS,2024-12-10,372/28,2026-11-04,87,1 L / 500 g
128102,ANANÁ EN RODAJAS EN ALMIBAR LIVIANO,774470,La muestra analizada no presenta particularidades desde el punto de vista quimico para los parametros analizados,,En condiciones,EQUADOR,2024-12-06,11913/891,2027-01-25,SSL 14 TA25 35119,850g
128102,Duraznos en almíbar en mitades,774474,La muestra analizada no presenta particularidades desde el punto de vista quimico para los parametros analizados,,En condiciones,ODERICH,2024-12-06,8345/55,2026-08-12,ONCDNE,830g
128102,MANGOS EN RODAJAS EN ALMIBAR,774472,Fuera de las condiciones reglamentarias,Resolución S/N/2024 Reglamento Normativo de Productos Art. 1. Producto no registrado en RUNAEV. Decreto 117/006 Resolución GMC 26/03 Art. 3.1a). Presenta dos denominaciones de venta diferentes por lo que la rotulación es confusa en relación al tipo de almíbar.,En condiciones,EQUADOR,2024-12-06,No posee registro,2026-11-15,MSL6KK TA15TNLE 31805,425g
128102,ANANÁ EN RODAJAS EN ALMIBAR LIVIANO,774473,Fuera de las condiciones reglamentarias,Resolución S/N/2024 Reglamento Normativo de Productos (RUNAEV) Art. 10. El registre del producto está vencido.,En condiciones,REVELACIÓN,2024-12-06,25528/391,2025-02-20,20022025 3220,567g
128102,DURAZNOS MITADES EN ALMIBAR LIVIANO,774469,La muestra analizada no presenta particularidades desde el punto de vista quimico para los parametros analizados,,En condiciones,REVELACIÓN,2024-12-06,25528/399,2027-01-01,L-42524 09:36 ENV. 01-2024,820g
128102,ANANA EN RODAJAS EN ALMIBAR,774471,La muestra analizada no presenta particularidades desde el punto de vista quimico para los parametros analizados,,En condiciones,RIO DE LA PLATA,2024-12-06,5529/1741,2027-08-26,18L266,830g
128101,Barra de cereal con baño de repostería y chispas de baño de repostería sabor dulce de leche y vainilla,774468,La muestra analizada no presenta particularidades desde el punto de vista quimico para los parametros analizados,,En condiciones,QUAKER,2024-12-05,3086/1308,2025-04-09,100916868,23 G
128101,BARRA DE CEREALES CON SIMIL CHOCOLATE,774464,La muestra analizada no presenta particularidades desde el punto de vista quimico para los parametros analizados,,En condiciones,AGUA HELADA,2024-12-05,1389/38,2025-01-28,L 32724,45 g
128101,CEREAL EN BARRA ALMENDRAS,774465,Fuera de las condiciones reglamentarias,Resolución S/N/024. Reglamento Normativo de Empresas Locales y Vehículos. Anexo Reglamentario al Convenio Institucional de RUNAEV. Reglamento de Productos Artículo 1. El producto no está registrado.,En condiciones,NATURAL BARS,2024-12-05,No posee registro,2025-05-25,LT 563,45 g
128101,BARRA DE CEREALES SABOR AVELLANA CON COBERTURA SABOR A CHOCOLATE,774466,La muestra analizada no presenta particularidades desde el punto de vista quimico para los parametros analizados,,En condiciones,NUTRY,2024-12-05,11913/1856,2025-06-16,A2A  008098,66 g
128101,BARRA DE CEREALES SABOR A FRUTILLA CON COBERTURA SABOR A CHOCOLATE,774467,La muestra analizada no presenta particularidades desde el punto de vista quimico para los parametros analizados,,En condiciones,NUTRY,2024-12-05,11913/1855,2025-08-18,A2A  009668,66 g
127350,PRODUCTO DE COPETÍN A BASE DE HARINA DE MAÍZ CON SABOR A TACO,774460,La muestra analizada no presenta particularidades desde el punto de vista quimico para los parametros analizados,,En condiciones,BARCEL,2024-12-04,3074/383,2025-01-08,08ENE2025MYLLC01 01,250 g
127350,NACHOS SABOR KETCHUP,774458,Fuera de las condiciones reglamentarias,Resolución S/N/2024 Reglamento Normativo de Productos Art. 1. Producto no registrado en RUNAEV,En condiciones,MACRITAS,2024-12-04,No posee registro,2025-02-28,L180 14:36,90 g
127350,Producto para copetín a base e harina de trigo con sabor a queso,774463,La muestra analizada no presenta particularidades desde el punto de vista quimico para los parametros analizados,,En condiciones,PALI CHIPS,2024-12-04,3086/1350,2024-12-30,301224 4A 1744AO 83002437,120 g
127350,Producto de copetín frito sabor queso,774456,Fuera de las condiciones reglamentarias,Decreto 315/994 Art. 30.4.6 Índice de peróxido superior al límite establecido. Decreto 117/006 Resolución GMC 26/03 Art. 6.2.3. Se detecta aditivo colorante no declarado en la lista de ingredientes. Resolución GMC 46/03 Art. 3.5.1 El contenido de grasas totales supera en más del 20 % al declarado en el rótulo.,En condiciones,SAVOY,2024-12-04,1192/48,2025-08-31,31/08/2025,400 g
127350,Formitas de harina de maíz sabor queso,774459,La muestra analizada no presenta particularidades desde el punto de vista quimico para los parametros analizados,,En condiciones,NIKITOS,2024-12-04,1192/2,2025-08-31,31/08/2025,50 g
127350,PALITOS CON SABOR JAMON,774462,La muestra analizada no presenta particularidades desde el punto de vista quimico para los parametros analizados,,En condiciones,PALI CHIPS,2024-12-04,3086/702,2025-01-20,L199687124 U1,150 g
127350,PAPAS FRITAS SIN GLUTEN,774461,La muestra analizada no presenta particularidades desde el punto de vista quimico para los parametros analizados,,En condiciones,MARIA BONITA,2024-12-04,1645/431,2025-01-06,240606 09:13 op97 mq06,120 g
127350,Producto de copetín frito sabor jamón,774457,Fuera de las condiciones reglamentarias,Decreto 315/994 Art. 30.4.6. El índice de peróxido es superior al límite establecido. Decreto 117/006 Resolución GMC 26/03 Art. 6.2.3. Se detecta aditivo colorante no declarado en la lista de ingredientes. Resolución GMC 46/03 Art. 3.5.1. El contenido de materia grasa supera en más del 20% al declarado en el rótulo.,En condiciones,SAVOY,2024-12-04,1192/49,2025-08-31,31/08/2025,400 g
127999,Budin sabor chocolate relleno de dulce de leche,774453,Fuera de las condiciones reglamentarias,Decreto 223/016 Resolución GMC 50/97 Anexo 7.3.2. Concentración de conservador ácido sórbico superior al límite.,En condiciones,PUNTA BALLENA,2024-12-03,1645/641,2025-02-12,3194 h 15:37,275g
127999,TORTA SABOR COCO CON RELLENO SABOR CHOCOLATE,774454,Fuera de las condiciones reglamentarias,Decretos 272/018 y 34/021. Por lo declarado en la información nutricional debe presentar rotulado frontal con octógonos por exceso de azúcares. de grasas totales y de grasas saturadas.,Fuera de condiciones,RENATA,2024-12-03,20588/435,2025-08-01,01/08/2025 1.1.08,300g
127999,BUDIN SABOR CHOCOLATE,774450,La muestra analizada no presenta particularidades desde el punto de vista quimico para los parametros analizados,,En condiciones,DEMAS,2024-12-03,12/505,2025-03-25,270 B8 18:24:17,180g
127999,BUDIN CON FRUTAS,774449,Fuera de las condiciones reglamentarias,Resolución S/N/2024 Reglamento Normativo de Productos. Art. 1. Producto no registrado en RUNAEV,En condiciones,BONAFIDE,2024-12-03,No posee registro,2025-03-06,251 23:09 L2,200g
127999,TORTA SABOR CHOCOLATE CON RELLENO SABOR CHOCOLATE,774455,Fuera de las condiciones reglamentarias,Decretos 272/018 y 34/021. Por lo declarado en la información nutricicional debe presentar rotulado frontal por exceso de azúcares. grasas totales y grasas saturadas. Decreto 117/006 Resolución GMC 26/03 Art. 6.4.1.. El número de registro que figura en el rótulo no corresponde al producto.,Fuera de condiciones,RENATA,2024-12-03,20588/433,2025-08-02,02/08/25 1.1.11,300g
127999,BUDIN SABOR VAINILLA Y SABOR CHOCOLATE,774451,La muestra analizada no presenta particularidades desde el punto de vista quimico para los parametros analizados,,En condiciones,DEMAS,2024-12-03,12/502,2025-03-25,L270 B7 15:01:28,180g
127999,BUDIN INGLES,774452,La muestra analizada no presenta particularidades desde el punto de vista quimico para los parametros analizados,,En condiciones,CEFA,2024-12-03,12/1133,2025-05-06,L312 B9 08:57:44,200g
127999,BUDÍN SABOR VAINILLA,774448,La muestra analizada no presenta particularidades desde el punto de vista quimico para los parametros analizados,,En condiciones,BONAFIDE,2024-12-03,23893/3044,2025-03-08,253 16:07 L2,200 g
127997,Helado crema de dulce de leche con granizado de chocolate,774442,La muestra analizada no presenta particularidades desde el punto de vista quimico para los parametros analizados,,En condiciones,CONAPROLE,2024-12-02,1395/1152,2026-07-23,260723 C,525 g / 1 L
127997,Crema helada sabor vainilla,774447,La muestra analizada no presenta particularidades desde el punto de vista quimico para los parametros analizados,,En condiciones,CRUFI,2024-12-02,1712/59,2026-08-31,15  15:06,500 g / 1 L
127997,Crema helada sabor flan con salsa de dulce de leche,774445,La muestra analizada no presenta particularidades desde el punto de vista quimico para los parametros analizados,,En condiciones,DEVOTO,2024-12-02,1712/364,2026-05-31,13   08:09,500 g / 1L
127997,Crema helada sabor vainilla con salsas de dulce de leche y chocolate,774444,La muestra analizada no presenta particularidades desde el punto de vista quimico para los parametros analizados,,En condiciones,DEVOTO,2024-12-02,1712/365,2026-03-31,12  07:11,500 g / 1 L
127997,Crema helada sabor sambayón. dulce de leche y chocolate,774443,La muestra analizada no presenta particularidades desde el punto de vista quimico para los parametros analizados,,En condiciones,DEVOTO,2024-12-02,1712/363,2026-03-31,05   06:57,500 g / 1 L
127997,Helado de leche sabor frutilla con salsa de frutilla,774446,La muestra analizada no presenta particularidades desde el punto de vista quimico para los parametros analizados,,En condiciones,CRUFI,2024-12-02,1712/160,2026-03-31,20  12:38,1 L / 500 g
127996,PANETTONE CON FRUTAS,774437,La muestra analizada no presenta particularidades desde el punto de vista quimico para los parametros analizados,,En condiciones,NEVARES,2024-11-27,5429/1012,2025-09-02,L3552,400g
127996,BUDÍN SABOR CHOCOLATE,774439,La muestra analizada no presenta particularidades desde el punto de vista quimico para los parametros analizados,,En condiciones,PRECIO LÍDER,2024-11-27,4463/2272,2024-12-10,165,200g
127996,PAN DULCE,774434,La muestra analizada no presenta particularidades desde el punto de vista quimico para los parametros analizados,,En condiciones,LA MALLORQUINA,2024-11-27,961/160,2025-04-09,09/04/2025,400g
127996,BUDIN SABOR CHOCOLATE CON CHISPAS SABOR CHOCOLATE Y  RELLENO CON DULCE DE LECHE,774441,La muestra analizada no presenta particularidades desde el punto de vista quimico para los parametros analizados,,En condiciones,BLACK - PORTEZUELO,2024-11-27,12/797,2025-02-16,263,240g
127996,BUDIN SABOR VAINILLA RELLENO DE DULCE DE LECHE,774440,Fuera de las condiciones reglamentarias,Resolución S/N/2024. Reglamento Normativo de Productos Art. 1. Producto no registrado en RUNAEV. Decreto 223/016 Art. 7.3.2.. Concentración de ácido sórbico superior al límite establecido.,En condiciones,LAPATAIA,2024-11-27,No posee registro,2024-12-21,1025,330g
127996,PAN DULCE,774438,Fuera de las condiciones reglamentarias,Resolución S/N/2024. Reglamento Normativo de Productos. Art. 1. Producto no registrado en RUNAEV,En condiciones,BONAFIDE,2024-11-27,No posee registro,2025-04-30,27434,400g
127996,PAN DULCE,774435,La muestra analizada no presenta particularidades desde el punto de vista quimico para los parametros analizados,,En condiciones,PORTEZUELO,2024-11-27,12/360,2025-07-05,L187 16:31:06,600g
127996,PAN DULCE,774436,Fuera de las condiciones reglamentarias,Decreto 153/001 (modificativo del Art. 18.3.23 del Decreto 315/994). Porcentaje de frutas inferior al mínimo.,En condiciones,PRECIO LÍDER,2024-11-27,4463/1300,2025-07-10,L192,400g
127994,CASTAÑAS DE CAJÚ TOSTADAS,774433,La muestra analizada no presenta particularidades desde el punto de vista quimico para los parametros analizados,,En condiciones,SIN  MARCA,2024-11-26,25386/97,2026-07-01,45595,500 g
127995,AVELLANAS TOSTADAS PELADAS SIN PIEL,774429,La muestra analizada no presenta particularidades desde el punto de vista quimico para los parametros analizados,,En condiciones,EL GRANERO,2024-11-26,19976/407,2025-07-06,06/07/25,400 g
127994,MANÍ TOSTADO Y SALADO,774430,La muestra analizada no presenta particularidades desde el punto de vista quimico para los parametros analizados,,En condiciones,SIN  MARCA,2024-11-26,394/1124,2025-05-14,45568,1 Kg
127994,ALMENDRAS SIN CASCARA,774431,La muestra analizada no presenta particularidades desde el punto de vista quimico para los parametros analizados,,En condiciones,SIN  MARCA,2024-11-26,25386/114,2025-08-13,45611,500 g
127994,Nuez Pecan Pelada,774432,La muestra analizada no presenta particularidades desde el punto de vista quimico para los parametros analizados,,En condiciones,NITER,2024-11-26,11/55,2025-12-31,45586,350 g
127995,ALMENDRAS PELADAS,774428,La muestra analizada no presenta particularidades desde el punto de vista quimico para los parametros analizados,,En condiciones,EL GRANERO,2024-11-26,19976/220,2026-07-01,07/01/26,400 g
128048,Leche descremada pasteurizada. Libre de gluten,774421,La muestra analizada no presenta particularidades desde el punto de vista quimico para los parametros analizados,,En condiciones,CALCAR,2024-11-25,18357/2,2024-12-01,B1 09:16,1 l
128048,Leche descremada ultrapasteurizada,774422,La muestra analizada no presenta particularidades desde el punto de vista quimico para los parametros analizados,,En condiciones,CALCAR,2024-11-25,18357/141,2025-02-05,C/2 17.1.2 15:14:09,1 l
128048,Leche entera ultrapasteurizada,774423,La muestra analizada no presenta particularidades desde el punto de vista quimico para los parametros analizados,,En condiciones,CALCAR,2024-11-25,18357/140,2025-02-06,C/1 17.1.3  15:52:58,1 L
128049,Leche entera ultrapasteurizada,774427,La muestra analizada no presenta particularidades desde el punto de vista quimico para los parametros analizados,,En condiciones,TA-TA,2024-11-25,18138/342,2025-02-04,C/2 16.1.3,1 L
127993,PAN DULCE,774420,La muestra analizada no presenta particularidades desde el punto de vista quimico para los parametros analizados,,En condiciones,BAGLEY,2024-11-22,1409/8354,2025-05-19,232 16:41 TPK1,400g
127993,Budin marmolado,774417,La muestra analizada no presenta particularidades desde el punto de vista quimico para los parametros analizados,,En condiciones,ARCOR,2024-11-22,1409/7660,2025-03-27,P 212 01:17,215g
127993,PANETTONE CON FRUTAS,774413,La muestra analizada no presenta particularidades desde el punto de vista quimico para los parametros analizados,,En condiciones,ARCOR,2024-11-22,1409/8752,2025-02-01,lc 124186 10:19 1,500g
127993,Budín sin frutas,774416,La muestra analizada no presenta particularidades desde el punto de vista quimico para los parametros analizados,,En condiciones,BAGLEY,2024-11-22,1409/8358,2025-05-03,P 249 13:01,215g
127993,Budín con trocitos de chocolate,774415,La muestra analizada no presenta particularidades desde el punto de vista quimico para los parametros analizados,,En condiciones,ARCOR,2024-11-22,1409/8007,2025-03-12,P 197 14:22,215g
127993,Budín sabor chocolate con trocitos de chocolate,774419,La muestra analizada no presenta particularidades desde el punto de vista quimico para los parametros analizados,,En condiciones,AGUILA D'OR,2024-11-22,1409/7136,2025-04-24,CO 1 237 04:30,215g
127993,PANETTONE CON TROCITOS DE BAÑO DE REPOSTERÍA,774414,La muestra analizada no presenta particularidades desde el punto de vista quimico para los parametros analizados,,En condiciones,ARCOR,2024-11-22,1409/8761,2025-03-06,lc 124191 15:52 1,500g
127993,Budín sin frutas,774418,La muestra analizada no presenta particularidades desde el punto de vista quimico para los parametros analizados,,En condiciones,ARCOR,2024-11-22,1409/8006,2025-04-09,CO 2 222 11:26,215g
127992,Producto de copetín a base de papa sabor huevo frito sin gluten,774406,La muestra analizada no presenta particularidades desde el punto de vista quimico para los parametros analizados,,En condiciones,MARIA BONITA,2024-11-21,1645/380,2025-05-18,PMBHF24139GA,140 g
127992,Mezcla de productos de copetin a base de maiz con sabor a queso y con sabor  queso picante,774410,La muestra analizada no presenta particularidades desde el punto de vista quimico para los parametros analizados,,En condiciones,DORITOS,2024-11-21,3086/1212,2024-12-30,121 1948GA 830024 37,82 g
127992,PAPAS FRITAS,774409,La muestra analizada no presenta particularidades desde el punto de vista quimico para los parametros analizados,,En condiciones,MANOLO DE PUNTA DEL ESTE,2024-11-21,20574/1,2025-03-11,-,140 g
127992,Producto de copetín frito a base de papa sabor a ajo y vinagre gluten free,774408,La muestra analizada no presenta particularidades desde el punto de vista quimico para los parametros analizados,,En condiciones,ACHO,2024-11-21,30835/83,2025-04-11,240710 MQ:01 OP:02 14:30:43,130 g
127992,PRODUCTO DE COPETÍN A BASE DE HARINA DE MAÍZ CON SABOR A AJÍ Y LIMA,774412,La muestra analizada no presenta particularidades desde el punto de vista quimico para los parametros analizados,,En condiciones,BARCEL,2024-11-21,3074/382,2024-11-27,LRA 0548,152 g
127992,BOCADITOS A BASE PAPA. SABOR ORIGINAL,774405,La muestra analizada no presenta particularidades desde el punto de vista quimico para los parametros analizados,,En condiciones,KRYZPO,2024-11-21,5529/1497,2026-08-15,03L0824 13042024,260 g
127992,PAPAS FRITAS,774411,La muestra analizada no presenta particularidades desde el punto de vista quimico para los parametros analizados,,En condiciones,HERR´S,2024-11-21,18211/745,2025-03-03,#23 057 A 14:49,142 g
127992,PAPAS RUSTICAS SIN SAL,774407,Fuera de las condiciones reglamentarias,Resolución S/N/2024. Reglamento Normativo de Productos Art. 1. Producto no registrado en RUNAEV,En condiciones,PRECIO LÍDER,2024-11-21,No posee registro,2025-05-19,263 19:32,100 g
127991,ALIMENTO A BASE DE MANI. HARINA DE TRIGO Y ALMIDON DE MAIZ,774404,La muestra analizada no presenta particularidades desde el punto de vista quimico para los parametros analizados,,En condiciones,LA ABUNDANCIA,2024-11-20,394/399,2025-07-31,4242,110 g
127991,CASTAÑAS DE CAJÚ TOSTADAS,774403,La muestra analizada no presenta particularidades desde el punto de vista quimico para los parametros analizados,,En condiciones,MADRE TIERRA,2024-11-20,977/331,2026-04-30,10.24,140 g
127991,CASTAÑAS DE CAJÚ TOSTADAS Y SALADAS,774401,Fuera de las condiciones reglamentarias,Resolución S/N/024. Reglamento Normativo de Empresas Locales y Vehículos. Anexo Reglamentario al Convenio Institucional de RUNAEV. Reglamento de Productos Artículos 1 y 9. El producto presenta su habilitacion vencida desde 2019.,En condiciones,EMIGRANTE,2024-11-20,4817/1279,2025-12-31,30753,150 g
127991,MANÍ REPELADO,774400,La muestra analizada no presenta particularidades desde el punto de vista quimico para los parametros analizados,,En condiciones,LA ABUNDANCIA,2024-11-20,394/289,2025-06-30,4253,400 g
127991,ALMENDRAS PELADAS TOSTADAS SIN SAL AGREGADA CON PIEL,774402,La muestra analizada no presenta particularidades desde el punto de vista quimico para los parametros analizados,,En condiciones,MADRE TIERRA,2024-11-20,977/312,2026-01-16,0724,140 g
127991,MANI TOSTADO SIN SAL AGREGADA,774399,La muestra analizada no presenta particularidades desde el punto de vista quimico para los parametros analizados,,En condiciones,RIO DE LA PLATA,2024-11-20,5529/1507,2025-10-14,288.M:11,500 g
127990,LECHE ENTERA UHT,774392,La muestra analizada no presenta particularidades desde el punto de vista quimico para los parametros analizados,,En condiciones,TIENDA INGLESA,2024-11-19,3106/14,2025-04-10,495682403 01 100724 140109,1 l
127989,LECHE PARCIALMENTE DESCREMADA UAT HOMOGENEIZADA FORTIFICADA  CON HIERRO Y VITAMINAS A. C Y D,774394,La muestra analizada no presenta particularidades desde el punto de vista quimico para los parametros analizados,,En condiciones,LA SERENISIMA,2024-11-19,No posee registro,2025-01-04,HR 22:46,1 l
127990,LECHE DESCREMADA UHT,774393,La muestra analizada no presenta particularidades desde el punto de vista quimico para los parametros analizados,,En condiciones,TIENDA INGLESA,2024-11-19,3106/15,2025-06-24,504082402 05 240924 123436,1 l
127989,Leche UHT entera Larga Vida - Libre de gluten,774395,La muestra analizada no presenta particularidades desde el punto de vista quimico para los parametros analizados,,En condiciones,BLANCANUBE,2024-11-19,1395/1012,2025-07-24,508281338 06 241024 221212,1 L
127989,Leche descremada ultrapasteurizada,774398,La muestra analizada no presenta particularidades desde el punto de vista quimico para los parametros analizados,,En condiciones,TA-TA,2024-11-19,18138/340,2025-02-05,C/2 17.1.1. 11:47:27,1 l
127989,Leche entera ultrapasteurizada,774397,La muestra analizada no presenta particularidades desde el punto de vista quimico para los parametros analizados,,En condiciones,TA-TA,2024-11-19,18138/342,2025-01-21,C/2 16.1.2.,1 l
127989,LECHE UHT DESCREMADA,774396,La muestra analizada no presenta particularidades desde el punto de vista quimico para los parametros analizados,,En condiciones,TA-TA,2024-11-19,25285/295,2024-11-23,26.07.24. 24010 M7 14:55:10,1 L
128039,ACEITE DE CHIA PRENSADO EN FRÍO,774388,La muestra analizada no presenta particularidades desde el punto de vista quimico para los parametros analizados,,En condiciones,SIN MARCA,2024-11-18,1078/275,2026-02-28,28/02/2026,250 mL
128039,ACEITE DE ALMENDRAS,774389,Fuera de las condiciones reglamentarias,Resolución S/N/024 Reglamento Normativo de Productos (RUNAEV).  Art. 9. El registro del producto está vencido. Decreto 80/019 Art. 17.3.7 tabla 3.2. Índice de peróxido superior al límite establecido.,En condiciones,LA TRINIDAD,2024-11-18,1078/268,2026-01-31,31/01/2026,50 mL
128039,ACEITE DE MOSTAZA VIRGEN,774387,La muestra analizada no presenta particularidades desde el punto de vista quimico para los parametros analizados,,En condiciones,LA TRINIDAD,2024-11-18,1078/302,2025-12-31,31/12/2025,250 mL
128041,ACEITE DE SÉSAMO,774391,Fuera de las condiciones reglamentarias,Resolución S/N/2024  Art. 9. El registro del producto está vencido.,En condiciones,LA TRINIDAD,2024-11-18,1078/269,2026-04-30,04/26,500mL
128040,ACEITE VIRGEN GENUINO DE LINO,774390,La muestra analizada no presenta particularidades desde el punto de vista quimico para los parametros analizados,,En condiciones,NATUR GREEN,2024-11-18,25348/70,2026-01-15,243322,250 mL
127988,BUDIN SABOR CHOCOLATE Y VAINILLA,774382,Fuera de las condiciones reglamentarias,Resolución S/N/024. RUNAEV Reglamento Normativo de Productos Art. 9. El registro del producto está vencido. Decreto 223/016 Resolución GMC 50/97 Anexo 7.3.2. Concentración de conservador ácido sórbico superior al máximo establecido. .Este informe sustituye el emitido el 3/12/2024.,En condiciones,PUNTA BALLENA,2024-11-15,1645/543,2025-03-10,2954,220 g
127988,BUDIN MARMOLADO,774385,La muestra analizada no presenta particularidades desde el punto de vista quimico para los parametros analizados,,En condiciones,PRECIO LÍDER,2024-11-15,4463/2269,2025-02-25,242,200 g
127988,BUDIN SABOR VAINILLA CON CHIPS SABOR CHOCOLATE,774384,La muestra analizada no presenta particularidades desde el punto de vista quimico para los parametros analizados,,En condiciones,PRECIO LÍDER,2024-11-15,4463/2271,2025-04-15,291,200 g
127988,PAN DULCE,774381,Fuera de las condiciones reglamentarias,Decreto 117/006 Resolución GMC 26/03 Art. 6.4.1. El número de registro que figura en el rótulo no es el correspondiente al producto.,En condiciones,BAUDUCCO,2024-11-15,6227/426,2025-07-31,21624 X P1400,400 g
127988,Budin sabor vainilla relleno de dulce de leche,774383,Fuera de las condiciones reglamentarias,Decreto 223/016 Resolución GMC 50/97 Anexo 7.3.2. Concentración de conservador ácido sórbico superior al máximo establecido..Este informe sustituye el emitido el 03/12/2024.,En condiciones,PUNTA BALLENA,2024-11-15,1645/640,2025-01-23,2994,275 g
127988,Pan de masa dulce,774380,La muestra analizada no presenta particularidades desde el punto de vista quimico para los parametros analizados,,En condiciones,CLAUS,2024-11-15,4463/2390,2025-03-19,263 09:39,400 g
127986,ALMENDRAS PELADAS SIN SAL AGREGADA,774369,La muestra analizada no presenta particularidades desde el punto de vista quimico para los parametros analizados,,En condiciones,RIO DE LA PLATA,2024-11-14,5529/1255,2025-03-08,068,100 g
127987,Producto de copetín a base de maíz con sabor a queso.,774377,La muestra analizada no presenta particularidades desde el punto de vista quimico para los parametros analizados,,En condiciones,DORITOS,2024-11-14,3086/1314,2024-12-23,231224 3D 16L 1129 BZ 83002436,92 g
127987,PAPAS RUSTICAS SIN SAL AGREGADA,774372,La muestra analizada no presenta particularidades desde el punto de vista quimico para los parametros analizados,,En condiciones,DE LA TIERRA,2024-11-14,1460/255,2024-12-03,094 20:45,120 g
127987,Producto de copetín a base de papas sabor barbacoa,774379,La muestra analizada no presenta particularidades desde el punto de vista quimico para los parametros analizados,,En condiciones,LAY'S,2024-11-14,3086/1327,2025-07-01,179025B 11:36,156 g
127987,Producto de copetín a base de papas sabor queso,774378,Fuera de las condiciones reglamentarias,Decreto 315/994 Art. 30.4.6. Ácidos grasos libres en materia grasa superior al límite.,En condiciones,LAY'S,2024-11-14,3086/1328,2025-07-01,179021C 23:39,156 g
127986,ALMENDRAS PELADAS,774370,La muestra analizada no presenta particularidades desde el punto de vista quimico para los parametros analizados,,En condiciones,SIN  MARCA,2024-11-14,394/1292,2025-08-31,4297,150 g
127987,MANÍ SALADO TIPO JAPONES,774375,La muestra analizada no presenta particularidades desde el punto de vista quimico para los parametros analizados,,En condiciones,AGTAL,2024-11-14,25678/1,2025-08-26,183209,400 g
127987,MANI TOSTADO REPELADO,774376,La muestra analizada no presenta particularidades desde el punto de vista quimico para los parametros analizados,,En condiciones,COLOLO,2024-11-14,6227/338,2025-09-01,01/09/2025,250g
127986,CASTAÑAS DE CAJÚ TOSTADAS Y SALADAS,774371,La muestra analizada no presenta particularidades desde el punto de vista quimico para los parametros analizados,,En condiciones,SIN  MARCA,2024-11-14,394/977,2026-06-30,4288,150 g
127987,Producto de copetín a base de papa SIN GLUTEN,774374,La muestra analizada no presenta particularidades desde el punto de vista quimico para los parametros analizados,,En condiciones,MARIA BONITA,2024-11-14,1645/374,2025-08-26,PMBO 24239 GA 22;50,140 g
127987,Producto de copetín a base de sémola de maíz con sabor a queso,774373,La muestra analizada no presenta particularidades desde el punto de vista quimico para los parametros analizados,,En condiciones,CHEETOS,2024-11-14,3086/1348,2024-12-16,2A 17010085M 83002435,110 g
127985,ALMENDRAS PELADAS,774367,Fuera de las condiciones reglamentarias,Decreto 117/006 Res. GMC 26/03 Art 6.4.1 El producto presenta en su envase un número de registro que corresponde a otro producto.,En condiciones,-,2024-11-12,15896,2024-11-26,107/23,150 g
127984,MANI REPELADO,774365,La muestra analizada no presenta particularidades desde el punto de vista quimico para los parametros analizados,,En condiciones,-,2024-11-12,37673,2025-03-31,BL50574,500 g
127984,MANI RUNNER,774364,La muestra analizada no presenta particularidades desde el punto de vista quimico para los parametros analizados,,En condiciones,-,2024-11-12,37673,2024-03-31,CR500933,500 g
127985,MANI SALADO,774366,La muestra analizada no presenta particularidades desde el punto de vista quimico para los parametros analizados,,En condiciones,-,2024-11-12,15896,2025-06-26,23-FS40-0004,150 g
127983,LECHE UHT SEMIDESCREMADA MAS DE 95 % DESLACTOSADA,774359,La muestra analizada no presenta particularidades desde el punto de vista quimico para los parametros analizados,,En condiciones,CALCAR,2024-11-11,18357/105,2025-01-17,L-1 10:40,1 L
127983,Leche ultrapasteurizada descremada sin lactosa. Libre de gluten,774363,La muestra analizada no presenta particularidades desde el punto de vista quimico para los parametros analizados,,En condiciones,CONAPROLE,2024-11-11,1395/1017,2024-11-26,241126Y1 A 15:13,1 L
127983,Leche UHT Entera,774360,La muestra analizada no presenta particularidades desde el punto de vista quimico para los parametros analizados,,En condiciones,PARMALAT,2024-11-11,25285/216,2024-12-18,24031,1 L
127983,LECHE UHT DESCREMADA,774357,La muestra analizada no presenta particularidades desde el punto de vista quimico para los parametros analizados,,En condiciones,CALCAR,2024-11-11,18357/19,2025-03-01,L-1  10:42,1 L
127983,LECHE UHT ENTERA,774358,La muestra analizada no presenta particularidades desde el punto de vista quimico para los parametros analizados,,En condiciones,CALCAR,2024-11-11,18357/18,2025-03-05,L-1 09:49,1 L
127983,Leche UHT Descremada,774361,La muestra analizada no presenta particularidades desde el punto de vista quimico para los parametros analizados,,En condiciones,PARMALAT,2024-11-11,25285/218,2024-12-21,24032,1 L
128030,Bocadito de copetín sabor carne asada,774346,La muestra analizada no presenta particularidades desde el punto de vista quimico para los parametros analizados,,En condiciones,3D'S MEGATUBE,2024-11-08,3086/443,2025-01-05,L257,150 g
128030,PAPAS FRITAS EN HOJUELAS SALADAS LIBRE DE GLUTEN,774350,La muestra analizada no presenta particularidades desde el punto de vista quimico para los parametros analizados,,En condiciones,INKA CHIPS,2024-11-08,26667/11,2025-02-17,16924 17/02/25 13:54 E8,135 g
128031,Nueces mariposa peladas,774354,La muestra analizada no presenta particularidades desde el punto de vista quimico para los parametros analizados,,En condiciones,TA-TA,2024-11-08,18138/377,2025-01-31,30207,100 g
128031,Almendras peladas,774356,La muestra analizada no presenta particularidades desde el punto de vista quimico para los parametros analizados,,En condiciones,TA-TA,2024-11-08,18138/378,2025-08-31,27606,100 g
128030,SALADITOS PARA COPETIN,774347,La muestra analizada no presenta particularidades desde el punto de vista quimico para los parametros analizados,,En condiciones,CHIO,2024-11-08,11913/997,2025-04-28,09:49 21D,125 g
128031,Castañas de cajú tostadas y saladas,774355,La muestra analizada no presenta particularidades desde el punto de vista quimico para los parametros analizados,,En condiciones,TA-TA,2024-11-08,18138/379,2025-06-30,30203,100 g
128030,PAPAS FRITAS. LIBRE DE GLUTEN,774345,La muestra analizada no presenta particularidades desde el punto de vista quimico para los parametros analizados,,En condiciones,PORTEZUELO,2024-11-08,12/1091,2025-02-25,AJG30M02,150 g
128031,NUECES PECAN PELADAS,774351,La muestra analizada no presenta particularidades desde el punto de vista quimico para los parametros analizados,,En condiciones,PECAN DE LAS ANIMAS,2024-11-08,1157/257,2024-05-31,05/24,80 g
128031,ALMENDRAS PELADAS TOSTADASO CON PIEL SIN SAL,774353,La muestra analizada no presenta particularidades desde el punto de vista quimico para los parametros analizados,,En condiciones,SIN  MARCA,2024-11-08,394/1396,2025-09-30,4197,150 g
128031,MANI REPELADO TOSTADO SIN SAL AGREGADA,774352,Fuera de las condiciones reglamentarias,Decreto 117/006 Res 26/03 Art 3.1 g. El produco declara efectos saludables para la salud.,En condiciones,DE LA TIERRA,2024-11-08,1460/301,2025-03-12,12.03.25.194,150 g
128030,Papas fritas con sabor a jamón serrano,774348,La muestra analizada no presenta particularidades desde el punto de vista quimico para los parametros analizados,,En condiciones,LAY'S,2024-11-08,3086/1331,2025-01-19,L267,137 g
128030,Producto de copetín a base de harina de maíz con sabor a queso,774343,La muestra analizada no presenta particularidades desde el punto de vista quimico para los parametros analizados,,En condiciones,CHEETOS,2024-11-08,3086/1289,2025-02-02,L282,240 g
128030,Producto de copetín a base de harina de maíz con sabor a queso.,774344,La muestra analizada no presenta particularidades desde el punto de vista quimico para los parametros analizados,,En condiciones,BUN,2024-11-08,3086/1276,2025-02-16,L299,330 g
128028,PAN DE MASA DULCE,774342,La muestra analizada no presenta particularidades desde el punto de vista quimico para los parametros analizados,,En condiciones,VALENTINO,2024-11-07,11913/2614,2025-03-30,L3884,100 g
128029,PAN DULCE CON FRUTAS Y PASAS,774337,La muestra analizada no presenta particularidades desde el punto de vista quimico para los parametros analizados,,En condiciones,TIENDA INGLESA,2024-11-07,3106/15795,2025-04-14,288 10:22,500 g
128029,BUDIN MARMOLADO,774341,Fuera de las condiciones reglamentarias,Resolución S/N/2024 Reglamento Mormativo de Productos Art. 1. Producto no registrado en RUNAEV,En condiciones,BONAFIDE,2024-11-07,No posee registro,2025-03-08,253 17:17,200 g
128029,PAN DULCE,774340,La muestra analizada no presenta particularidades desde el punto de vista quimico para los parametros analizados,,En condiciones,PORTEZUELO,2024-11-07,12/361,2025-05-31,L182,400 g
128029,PANETTONE,774336,La muestra analizada no presenta particularidades desde el punto de vista quimico para los parametros analizados,,En condiciones,DALCOLLE,2024-11-07,3106/15042,2025-04-30,L2429F2,500 g
128029,PANETONE SIN FRUTAS,774338,La muestra analizada no presenta particularidades desde el punto de vista quimico para los parametros analizados,,En condiciones,100 DUCADOS,2024-11-07,3106/14406,2025-03-09,253 13:49,400 g
128029,Pan sabor a dulce de leche con chips simil chocolate,774339,La muestra analizada no presenta particularidades desde el punto de vista quimico para los parametros analizados,,En condiciones,AP! SEN,2024-11-07,3106/14411,2025-03-09,253 09:54,400 g
128026,PAN DE MASA DULCE CON GOTAS DE BAÑO DE REPOSTERÍA SEMIAMARGO,774335,Fuera de las condiciones reglamentarias,Decreto 117/006 Resolución GMC 26/03 Art. 6.2.3. Se detecta aditivos no declarados en la lista de ingredientes.,En condiciones,MASAMADRE,2024-11-06,26483/222,2025-06-13,1309 J:257/2,300 g
128021,LECHE PASTEURIZADA DESCREMADA,774333,La muestra analizada no presenta particularidades desde el punto de vista quimico para los parametros analizados,,En condiciones,CONAPROLE,2024-11-04,1395/2,2024-11-06,6 B 10:37 42 L212410302,1 L
128021,LECHE FRESCA PASTEURIZADA ENTERA,774334,La muestra analizada no presenta particularidades desde el punto de vista quimico para los parametros analizados,,En condiciones,CONAPROLE,2024-11-04,1395/1,2024-11-08,L2124110 11 4B 09:2051,1 L
128021,LECHE ULTRAPASTEURIZADA DESCREMADA,774332,La muestra analizada no presenta particularidades desde el punto de vista quimico para los parametros analizados,,En condiciones,CONAPROLE,2024-11-04,1395/217,2024-11-24,L T8 06:12 L241124D44,1 l
128021,LECHE ENTERA (ULTRAPASTEURIZADA),774331,La muestra analizada no presenta particularidades desde el punto de vista quimico para los parametros analizados,,En condiciones,CONAPROLE,2024-11-04,1395/216,2024-12-01,J T4 01:11 L241201D43,1 L
128021,LECHE DESCREMADA UHT - Libre de gluten,774329,La muestra analizada no presenta particularidades desde el punto de vista quimico para los parametros analizados,,En condiciones,CONAPROLE,2024-11-04,1395/757,2025-07-02,505282137 02 021024 166141,1 L
128021,Leche UHT descremada Larga Vida. Libre de gluten,774328,La muestra analizada no presenta particularidades desde el punto de vista quimico para los parametros analizados,,En condiciones,BLANCANUBE,2024-11-04,1395/1013,2025-07-16,506881337 05 161024 094932,1 L
128021,Leche parcialmente descremada UAT homogeneizada. adicionada con vitaminas A y D. Sin lactosa. libre de gluten,774330,La muestra analizada no presenta particularidades desde el punto de vista quimico para los parametros analizados,,En condiciones,LA SERENISIMA,2024-11-04,19271/1169,2025-01-18,HR 13:08,1 L
127982,ALIMENTO EN POLVO CON CACAO,774326,La muestra analizada no presenta particularidades desde el punto de vista quimico para los parametros analizados,,En condiciones,DUKAO,2024-11-01,556/23,2026-08-20,2408147,500 g
127980,alimento granulado instantáneo a base de azucar y cacao adicionado con vitaminas B y zinc libre de gluten,774327,La muestra analizada no presenta particularidades desde el punto de vista quimico para los parametros analizados,,En condiciones,LA VIRGINIA,2024-11-01,1892/817,2025-08-18,18 AGO 25 04:46,180 g
127978,Dulce de leche Libre de gluten,774321,La muestra analizada no presenta particularidades desde el punto de vista quimico para los parametros analizados,,En condiciones,COLONIAL,2024-10-31,22654/49,2025-04-15,LT: 151003,500 g
127979,ACEITE VIRGEN DE COCO,774319,Fuera de las condiciones reglamentarias,Decreto 117/006 Resolución GMC 26/03 Art. 4 y 5. No presenta información obligatoria en idioma español. No presenta datos del importador. Art. 6.4. No presenta número de registro.,En condiciones,DUCOCO,2024-10-31,8345/1373,2025-04-09,L0910A 12:40,200 mL
127978,DULCE DE LECHE. Libre de gluten,774325,La muestra analizada no presenta particularidades desde el punto de vista quimico para los parametros analizados,,En condiciones,CONAPROLE,2024-10-31,1395/15,2025-05-26,L7,970 g
127978,Dulce de leche deslactosado,774323,La muestra analizada no presenta particularidades desde el punto de vista quimico para los parametros analizados,,En condiciones,COLONIAL,2024-10-31,22654/178,2025-08-13,130804,440 g
127979,Aceite refinado de Canola,774318,La muestra analizada no presenta particularidades desde el punto de vista quimico para los parametros analizados,,En condiciones,OPTIMO,2024-10-31,639/154,2026-10-01,20241001 14:43,900 mL
127978,DULCE DE LECHE CON CREMA,774320,La muestra analizada no presenta particularidades desde el punto de vista quimico para los parametros analizados,,En condiciones,CONAPROLE,2024-10-31,1395/16,2025-03-11,L2,500 g
127978,Dulce de Leche - Libre de Gluten,774322,La muestra analizada no presenta particularidades desde el punto de vista quimico para los parametros analizados,,En condiciones,COLONIAL,2024-10-31,22654/50,2025-05-03,030509,800 g
127976,ACEITE DE COCO,774313,Fuera de las condiciones reglamentarias,Resolución S/N/024 Reglamento Normarivo de Productos Art. 1. No se encuentra registro del producto en RUNAEV.,En condiciones,PRANA,2024-10-30,No posee registro,2026-04-30,1029/04/024,250Ml
127977,CHICLE DE BOLA,774316,Fuera de las condiciones reglamentarias,Resolución S/N/024 Reglamento Normativo de Productos Art. 1. No se encuentra registro del producto en RUNAEV. Decreto 117/006 Resolución GMC 26/03 Art. 4. La tabla de información nutricional no figura en idioma español. Decretos 272/018 y 34/021. De acuerdo a lo declarado en la información nutricional debe presentar rotulado frontal por exceso de azúcares.,Fuera de condiciones,HAPPY BOL,2024-10-30,No posee registro,2025-08-11,240211,140g
127975,Cacao soluble en polvo libre de gluten,774315,La muestra analizada no presenta particularidades desde el punto de vista quimico para los parametros analizados,,En condiciones,NESTLE,2024-10-30,49/1368,2027-08-30,42298774 08:57,200g
127977,CHUPETIN/PALETA CON SABOR NATURAL,774317,Fuera de las condiciones reglamentarias,Resolución S/N/2024. Reglamento Normativo de Productos Art. 1. Producto no registrado en RUNAEV. Decreto 117/006 Resolución GMC 26/03 Art. 5. No presenta datos del importador.,En condiciones,FLORESTAL,2024-10-30,No posee registro,2025-08-21,230821,504 g
127975,Chocolate en polvo,774314,La muestra analizada no presenta particularidades desde el punto de vista quimico para los parametros analizados,,En condiciones,TA-TA,2024-10-30,18138/260,2026-06-05,5710,500g
127973,Pastillas de goma fantasia sabores a frutilla. manzana. naranja y banana. Libre de gluten,774311,La muestra analizada no presenta particularidades desde el punto de vista quimico para los parametros analizados,,En condiciones,MOGUL,2024-10-29,1409/8149,2026-06-29,29/06/2026,1000 g
127974,COCOA,774308,La muestra analizada no presenta particularidades desde el punto de vista quimico para los parametros analizados,,En condiciones,SAINT,2024-10-29,1157/6,2027-07-01,01.07.27,500g
127973,Pastillas de goma fantasía sabores a frutilla/fresa y yogurt. Libre de Gluten,774312,La muestra analizada no presenta particularidades desde el punto de vista quimico para los parametros analizados,,En condiciones,MOGUL,2024-10-29,1409/5563,2026-08-07,L07/08/2025 Cy T1 M6 06:13,500 g
127973,CARAMELOS SABOR LECHE Y CHOCOLATE,774309,Fuera de las condiciones reglamentarias,Decreto 117/006 Resolución 26/03 Art. 4 y 5. No presenta información obligatoria completa en idioma español. Art. 8. La denominación de venta no figura en la cara principal del envase y la visibilidad no es adecuada.,En condiciones,EMBARE,2024-10-29,5429/867,2026-05-24,24055024,660 g
127973,Chupetines de caramelo duro ácido sabores a limón-sandía. uva-manzana y arandano-cereza. rellenos con chicle sabor a tutti frutti. Libre de gluten.,774310,La muestra analizada no presenta particularidades desde el punto de vista quimico para los parametros analizados,,En condiciones,MISTER POPS EVOLUTION,2024-10-29,1409/8186,,L26 04 2025 MK T3 E,432 g
127974,COCOA,774307,La muestra analizada no presenta particularidades desde el punto de vista quimico para los parametros analizados,,En condiciones,CEFA,2024-10-29,5866/195,2026-07-28,15/07/24,500g
127971,DULCE DE LECHE PARA CONFITERÍA,774303,Fuera de las condiciones reglamentarias,Decreto 117/006 Resolución GMC 26/03 Art. 6.5.1 y 6.6.1 porque el lote y fecha de vencimiento están en etiqueta autoadhesiva.,En condiciones,GRANJA PINEROLO,2024-10-25,14149/29,2024-12-05,409051024,5 Kg
127971,DULCE DE LECHE PARA CONFITERIA,774305,Fuera de las condiciones reglamentarias,Decreto 117/006 Resolución GMC 26/03 Art. 6.5.1 y 6.6.1 porque el lote y fecha de vencimiento están en etiqueta autoadhesiva.,En condiciones,BIANCALATTE,2024-10-25,14149/138,2024-12-08,404081024,5 Kg
127971,DULCE DE LECHE PARA CONFITERIA,774304,Fuera de las condiciones reglamentarias,Decreto 117/006 Resolución GMC 26/03 Art. 6.5.1 y 6.6.1 porque el lote y fecha de vencimiento están en etiqueta autoadhesiva.,En condiciones,BIANCALATTE,2024-10-25,14149/138,2024-11-24,405240924,3 Kg
128011,ACEITE DE SESAMO,774301,La muestra analizada no presenta particularidades desde el punto de vista quimico para los parametros analizados,,En condiciones,CHAINLY,2024-10-24,14207/2,2026-09-30,RFB APR 10 2024,520mL
128011,Aceite de coco virgen,774302,La muestra analizada no presenta particularidades desde el punto de vista quimico para los parametros analizados,,En condiciones,MADRE TIERRA,2024-10-24,977/937,2024-02-28,L4197,250 mL
127970,ALIMENTO EN POLVO CON CACAO,774300,La muestra analizada no presenta particularidades desde el punto de vista quimico para los parametros analizados,,En condiciones,DUKAO,2024-10-23,556/23,2026-08-15,240816 9,2 Kg
127972,DULCE DE LECHE,774306,La muestra analizada no presenta particularidades desde el punto de vista quimico para los parametros analizados,,En condiciones,LAPATAIA,2024-10-23,6859/1,2025-02-23,23/08/24  AGO 008,440 g
127970,Alimento en polvo con cacao. Libre de gluten,774299,La muestra analizada no presenta particularidades desde el punto de vista quimico para los parametros analizados,,En condiciones,NESTLE,2024-10-23,49/1512,2026-04-30,41038774,200 g
127970,Cocoa,774298,La muestra analizada no presenta particularidades desde el punto de vista quimico para los parametros analizados,,En condiciones,PURITAS,2024-10-23,1403/1024,2026-09-30,031203 L0924,500 g
128010,Cacao en polvo soluble,774297,La muestra analizada no presenta particularidades desde el punto de vista quimico para los parametros analizados,,En condiciones,LA ABUNDANCIA,2024-10-22,394/1438,2026-06-30,4264,500 g
128008,CARAMELO DURO SABOR FRUTAL LIBRE DE GLUTEN,774292,La muestra analizada no presenta particularidades desde el punto de vista quimico para los parametros analizados,,En condiciones,LHERITIER,2024-10-21,12/731,2025-03-31,3068,450 g
128008,CARAMELO  MASTICABLE CANDEL,774296,La muestra analizada no presenta particularidades desde el punto de vista quimico para los parametros analizados,,En condiciones,RONDA,2024-10-21,1281/1,2026-02-28,2403250,500 g
128008,GAJOS FRUTALES,774294,Fuera de las condiciones reglamentarias,Resolución S/N/024. Reglamento Normativo de Empresas Locales y Vehículos. Anexo Reglamentario al Convenio Institucional de RUNAEV. Reglamento de Productos Artículo 1. El producto no está registrado.,En condiciones,ARCOR,2024-10-21,No posee registro,2025-12-27,27 12 2025 13:04 AD,485 g
128008,CARAMELOS MASTICABLES SURTIDOS SABORES FRUTALES,774295,La muestra analizada no presenta particularidades desde el punto de vista quimico para los parametros analizados,,En condiciones,TOFFANO,2024-10-21,23139/117,2026-06-28,EX0352024,600 g
128008,CARAMELOS BLANDOS SABORES SURTIDOS A FRUTILLA. MENTA. ANANA. LIMON. MANZANA Y  NARANJA LIBRE DE GLUTEN,774291,La muestra analizada no presenta particularidades desde el punto de vista quimico para los parametros analizados,,En condiciones,SUGUS,2024-10-21,1409/3965,2025-07-15,15072025-MK T3E,700 gr
128008,Caramelos masticables sabores surtidos. No contiene gluten,774293,La muestra analizada no presenta particularidades desde el punto de vista quimico para los parametros analizados,,En condiciones,HIPOPO,2024-10-21,18211/21,2026-06-25,L/P:26/06/2024 LA,500 g
127969,DULCE DE LECHE PARA CONFITERÍA. LIBRE DE GLUTEN,774288,La muestra analizada no presenta particularidades desde el punto de vista quimico para los parametros analizados,,En condiciones,COLONIAL,2024-10-17,22654/232,2025-03-20,200192,1 Kg
127969,Dulce de leche libre de gluten. Sin TACC,774285,La muestra analizada no presenta particularidades desde el punto de vista quimico para los parametros analizados,,En condiciones,LA SERENISIMA,2024-10-17,19271/953,2025-05-10,10/05/25 A11BT,400 g
127969,Dulce de leche,774289,La muestra analizada no presenta particularidades desde el punto de vista quimico para los parametros analizados,,En condiciones,EL SILENTE,2024-10-17,31936/1,2025-01-20,08,1 Kg
127969,DULCE DE LECHE,774287,La muestra analizada no presenta particularidades desde el punto de vista quimico para los parametros analizados,,En condiciones,PRECIO LÍDER,2024-10-17,4463/2182,2025-01-21,L2  08:34,1 Kg
127969,Dulce de leche reducido en grasa. reducido en lactosa. Libre de gluten Sin T.A.C.C.,774286,Fuera de las condiciones reglamentarias,Resolución S/N/024. Reglamento Normativo de Empresas Locales y Vehículos. Anexo Reglamentario al Convenio Institucional de RUNAEV. Reglamento de Productos Artículos 1 y 9. El producto presenta  su registro vencido desde el 28/10/2021.,En condiciones,SER,2024-10-17,19271/864,2025-02-03,226/LQ/03:25/A04,300 G
127967,ALIMENTO EN POLVO CON CACAO,774274,La muestra analizada no presenta particularidades desde el punto de vista quimico para los parametros analizados,,En condiciones,PURITAS,2024-10-15,1403/1019,2025-05-31,061621 L0524,200 g
127966,ALIMENTO CON CACAO PARA PREPARAR BEBIDA,774278,La muestra analizada no presenta particularidades desde el punto de vista quimico para los parametros analizados,,En condiciones,TODDY,2024-10-15,5529/1855,2026-05-20,141-24 E1. 12:28:26,360g
127967,COCOA,774273,La muestra analizada no presenta particularidades desde el punto de vista quimico para los parametros analizados,,En condiciones,MONTESOL,2024-10-15,101/5,2026-07-25,0726,200 g
127966,Alimento en polvo para preparar bebidas adicionado de Vitaminas A. D. C. B2. Niacina. B6. B12 y Minerales Calcio y Hierro,774276,La muestra analizada no presenta particularidades desde el punto de vista quimico para los parametros analizados,,En condiciones,NESCAU,2024-10-15,49/773,2025-04-01,4103121032,370 g
127966,POLVO ACHOCOLATADO,774277,La muestra analizada no presenta particularidades desde el punto de vista quimico para los parametros analizados,,En condiciones,SAINTCOLET,2024-10-15,1157/18,2026-03-01,01/03/2026,60 g
127966,Cocoa,774275,La muestra analizada no presenta particularidades desde el punto de vista quimico para los parametros analizados,,En condiciones,TA-TA,2024-10-15,18138/146,2026-08-31,5824,200 g
127965,CARAMELOS DE LECHE,774267,La muestra analizada no presenta particularidades desde el punto de vista quimico para los parametros analizados,,En condiciones,ZABALA,2024-10-14,1281/120,2026-04-30,2412155,150 g
127965,CARAMELOS ACIDOS FRUTALES SURTIDOS,774271,Fuera de las condiciones reglamentarias,Resolución S/N/024. Reglamento Normativo de Empresas Locales y Vehículos. Anexo Reglamentario al Convenio Institucional de RUNAEV. Reglamento de Productos Artículos 1 y 9. El producto presenta su habilitacion vencida desde el 14/07/2022.,En condiciones,SKI,2024-10-14,260/4,2026-05-31,24 15 133,160 g
127965,CARAMELOS DUROS SABOR CAFE,774269,La muestra analizada no presenta particularidades desde el punto de vista quimico para los parametros analizados,,En condiciones,POCKET COFFEE,2024-10-14,18211/719,2026-08-31,24.215 19:05 B2 COD:12675,500 g
127965,Caramelos duros sabores a uva. naranja. limón. frutilla y ananá,774270,La muestra analizada no presenta particularidades desde el punto de vista quimico para los parametros analizados,,En condiciones,ARCOR,2024-10-14,1409/7331,2025-11-08,08 11 2025 23:01 AD,140 g
127965,CARAMELOS DE LECHE SABOR MENTA,774268,La muestra analizada no presenta particularidades desde el punto de vista quimico para los parametros analizados,,En condiciones,ZABALA,2024-10-14,1281/121,2026-06-30,2416565,150 g
127965,Caramelos duros de menta Libre de gluten,774272,La muestra analizada no presenta particularidades desde el punto de vista quimico para los parametros analizados,,En condiciones,ARCOR,2024-10-14,1409/7315,2025-11-27,27 11 2025 MK T3,140 g
127944,Dulce de leche - Libre de gluten,774262,La muestra analizada no presenta particularidades desde el punto de vista quimico para los parametros analizados,,En condiciones,CONAPROLE,2024-10-11,1395/347,2024-12-28,L2 (6008),500 g
127945,ADEREZO DE ACEITE DE OLIVA CON AROMA A TRUFA NEGRA,774265,Fuera de las condiciones reglamentarias,Resolución S/N/024 Reglamento Normativo de Productos. No se encuentra registro del producto en RUNAEV. Decreto 117/006 Resolución 26/03 Art. 3.1 a) La rotulación es confusa ya que el número de registro y la lista de ingredientes corresponden a otro producto.,En condiciones,ACEITESPESET,2024-10-11,No posee registro,2024-12-31,L-4122,250 mL
127946,CACAO EN POLVO DESGRASADO Y ALCALINIZADO -ORGANICO-,774264,Fuera de las condiciones reglamentarias,Resolución S/N/024 Reglamento Normativo de Productos (RUNAEV) Art. 1. El producto no se encuentra registrado ante el RUNAEV.,En condiciones,CAMPO CLARO,2024-10-11,No posee registro,2025-01-31,2301051,200g
127944,DULCE DE LECHE LIGHT,774260,La muestra analizada no presenta particularidades desde el punto de vista quimico para los parametros analizados,,En condiciones,LOS NIETITOS,2024-10-11,7795/394,2025-03-23,23/03/2025 T7 1,400 g
127944,DULCE DE LECHE LIBRE DE GLUTEN,774263,Fuera de las condiciones reglamentarias,La muestra no cumple con lo establecido con el Decreto Nº 466/009 Art. 5.1.1. porque el contenido de conservador sórbico supera el máximo establecido.,En condiciones,LAPATAIA,2024-10-11,9075/151,2025-04-02,27609,500 g
127944,Dulce de leche light,774261,La muestra analizada no presenta particularidades desde el punto de vista quimico para los parametros analizados,,En condiciones,COLONIAL,2024-10-11,22654/129,2025-09-17,170901,440 g
127944,DULCE DE LECHE. LIBRE DE GLUTEN,774258,La muestra analizada no presenta particularidades desde el punto de vista quimico para los parametros analizados,,En condiciones,TIENDA INGLESA,2024-10-11,3106/95,2025-01-06,L1 (6017),500 g
127944,DULCE DE LECHE CON CREMA,774259,La muestra analizada no presenta particularidades desde el punto de vista quimico para los parametros analizados,,En condiciones,TIENDA INGLESA PREMIUM,2024-10-11,3106/863,2025-03-25,08,440 g
127945,CONDIMENTO PREPARADO DE ACEITE DE OLIVA CON ALBAHACA,774266,Fuera de las condiciones reglamentarias,Resolución S/N/024 Reglamento Normativo de Productos. No se encuentra registro del producto en RUNAEV. Decreto 117/006 Resolución 26/03 Art. 3.1 a) La rotulación es confusa ya que el número de registro y la lista de ingredientes corresponden a otro producto.,En condiciones,ACEITESPESET,2024-10-11,No posee registro,2025-10-31,L-4723,250 mL
127964,ACEITE DE COCO NEUTRO ORGANICO,774255,Fuera de las condiciones reglamentarias,Resolución S/N/024 Reglamento Normativo de Productos (RUNAEV) Art. 1. Producto no registrado,En condiciones,TERRA VERDE,2024-10-10,No posee registro,2026-04-30,RBD 042024,500 mL
127964,ACEITE DE SESAMO,774257,La muestra analizada no presenta particularidades desde el punto de vista quimico para los parametros analizados,,En condiciones,CHAINLY,2024-10-10,14207/2,2025-04-10,10/04/2025,230 mL
127964,ACEITE DE COCO,774256,La muestra analizada no presenta particularidades desde el punto de vista quimico para los parametros analizados,,En condiciones,PRANA,2024-10-10,18029/21,2026-07-31,1039/07/024,500 mL
127962,BEBIDA LACTEA CHOCOLATADA ULTRAPASTEURIZADA,774247,La muestra analizada no presenta particularidades desde el punto de vista quimico para los parametros analizados,,En condiciones,PARMALAT,2024-10-09,25285/845,2024-11-18,C/1 17.1.2.18:10:56,1 L
127963,COPOS DE MAIZ CON AZUCAR Y MIEL,774248,La muestra analizada no presenta particularidades desde el punto de vista quimico para los parametros analizados,,En condiciones,RIO DE LA PLATA,2024-10-09,5529/1822,2025-07-26,208. M.11,500 g
127960,Leche con jugo de frutilla semidescremada U.A.T.. adicionada de vitamina D. Vitamina E. Vitamina A. hierro. zinc y ácido fólico. Libre de gluten,774238,Fuera de las condiciones reglamentarias,Resolución S/N/024 Reglamento Normativo de Empresas. Locales Y Vehículos - Registro Único Nacional de Alimentos. Empresas y Vehículos. artículo 1 y artículo 9. El producto presenta su registro vencido desde 21/02/2022.,En condiciones,CONAPROLE,2024-10-08,1395/1021,2025-03-19,250318 U1 12:04,250 ml
127959,ALIMENTO EN POLVO CON CACAO,774240,La muestra analizada no presenta particularidades desde el punto de vista quimico para los parametros analizados,,En condiciones,LEADER PRICE,2024-10-08,4463/1579,,42340,200g
127957,Extrudado a base de harina de maíz con sabor a frutas libre de gluten,774245,La muestra analizada no presenta particularidades desde el punto de vista quimico para los parametros analizados,,En condiciones,PATAGONIA GRAINS,2024-10-08,6405/1376,2025-06-03,030625 09:18,100 g
127956,Cacao en polvo,774237,La muestra analizada no presenta particularidades desde el punto de vista quimico para los parametros analizados,,En condiciones,RIO DE LA PLATA,2024-10-08,5529/1811,2026-08-02,254,200g
127957,ALIMENTO A BASE DE HARINAS DE MAÍZ Y TRIGO CON AZÚCAR SABOR A FRUTAS,774246,Fuera de las condiciones reglamentarias,Decreto 117/006 Resolución GMC 26/03 Art. 6.2.3. Se detecta colorantes no declarados en la lista de ingredientes.,En condiciones,SAINT,2024-10-08,1157/136,2026-04-15,ven. 15.04.26,120 g
127958,COCOA,774236,La muestra analizada no presenta particularidades desde el punto de vista quimico para los parametros analizados,,En condiciones,ZAPICAN,2024-10-08,1791/7,2024-08-07,5690,500g
127959,Chocolate en polvo libre de gluten,774241,La muestra analizada no presenta particularidades desde el punto de vista quimico para los parametros analizados,,En condiciones,NESTLE,2024-10-08,49/519,2027-07-31,41928774 14:19,500g
127957,Cereales dietéticos adicionados con Vitaminas B2. Niacina. B6. Ácido Fólico. Ácido Pantoténico y Minerales Calcio. Hierro y Zinc,774244,La muestra analizada no presenta particularidades desde el punto de vista quimico para los parametros analizados,,En condiciones,NESQUIK,2024-10-08,49/1431,2025-03-10,L416230552 F,90 g
127957,Cereales dietéticos adicionados con Vitaminas B2. Niacina. B6. Ácido Fólico. Ácido Pantoténico y Minerales Calcio. Hierro y Zinc,774242,La muestra analizada no presenta particularidades desde el punto de vista quimico para los parametros analizados,,En condiciones,NESQUIK,2024-10-08,49/1379,2025-05-08,41601212E,400 g
127957,Alimento a base de cereal de maíz y harina de trigo,774243,La muestra analizada no presenta particularidades desde el punto de vista quimico para los parametros analizados,,En condiciones,QUAKER,2024-10-08,3086/1315,2025-01-13,E L ENE 24 C,200 g
127960,Leche UAT semidescremada chocolatada 2.8% grasas totales. Libre de gluten,774239,La muestra analizada no presenta particularidades desde el punto de vista quimico para los parametros analizados,,En condiciones,CONAPROLE,2024-10-08,1395/1001,2025-03-20,250323 U1 10:42,250 ml
127955,LECHE CHOCOLATADA LIBRE DE GLUTEN,774235,La muestra analizada no presenta particularidades desde el punto de vista quimico para los parametros analizados,,En condiciones,TALAR,2024-10-07,24046/67,2025-01-12,241510,1 L
127955,BEBIDA LÁCTEA CHOCOLATADA SEMIDESCREMA UAT. LIBRE DE GLUTEN,774234,La muestra analizada no presenta particularidades desde el punto de vista quimico para los parametros analizados,,En condiciones,TIENDA INGLESA,2024-10-07,3106/697,2025-02-20,L233  01556 15:27,1 L
127954,Bebida láctea chocolatada,774233,La muestra analizada no presenta particularidades desde el punto de vista quimico para los parametros analizados,,En condiciones,CONAPROLE,2024-10-07,1395/1177,2024-10-13,I T1 07:07 L241013D36,1 L
127953,ACEITE DE COCO,774226,La muestra analizada no presenta particularidades desde el punto de vista quimico para los parametros analizados,,En condiciones,LA ABUNDANCIA,2024-10-04,394/937,2025-02-28,4247,600 mL
127899,Dulce de leche,774231,La muestra analizada no presenta particularidades desde el punto de vista quimico para los parametros analizados,,En condiciones,GRANJA NARBONA,2024-10-04,26118/11,2025-03-15,260122,970 g
127899,DULCE DE LECHE,774228,La muestra analizada no presenta particularidades desde el punto de vista quimico para los parametros analizados,,En condiciones,PRECIO LÍDER,2024-10-04,4463/2182,2024-11-05,L4 10:24,1 Kg
127899,Dulce de leche - Libre de gluten,774230,La muestra analizada no presenta particularidades desde el punto de vista quimico para los parametros analizados,,En condiciones,JUANA LA LOCA,2024-10-04,22654/233,2025-08-19,190804,440 g
127899,DULCE DE LECHE CON CREMA,774227,La muestra analizada no presenta particularidades desde el punto de vista quimico para los parametros analizados,,En condiciones,PEQUEÑA GRANJA,2024-10-04,8345/1759,2025-01-12,12ENERO2025,500 g
127951,DULCE DE LECHE,774232,Fuera de las condiciones reglamentarias,Decreto 466/009 artículo 4.2.2. El contenido de materia grasa determinado analiticamente y la declarada en la información nutricional estan por debajo del mínimo establecido.,En condiciones,DE LA CAMPIÑA,2024-10-04,23110/27,2025-01-16,LT948,900 g
127899,Dulce de leche - Libre de gluten,774229,La muestra analizada no presenta particularidades desde el punto de vista quimico para los parametros analizados,,En condiciones,PUERTO DEL SAUCE,2024-10-04,22654/81,2024-12-12,LT:190903,900 g
127700,ACEITE VIRGEN DE CANOLA,774215,La muestra analizada no presenta particularidades desde el punto de vista quimico para los parametros analizados,,En condiciones,VIRGINIA SALVO,2024-10-03,23093/1,2025-01-31,221,500 mL
127898,HOJUELAS DE MAIZ TOSTADAS ADICIONADAS CON NIACINA. VITAMINA E. VITAMINA B5. VITAMINA B6. VITAMINA B2. VITAMINA B1. ACIDO FÓLICO. VITAMINA B12 Y HIERRO,774223,Fuera de las condiciones reglamentarias,Decreto 117/006 Resolución GMC 26/03 Art. 4 y 5. No presenta información obligatoria completa en idioma español.,En condiciones,VITALISIMO,2024-10-03,11913/1697,2025-04-21,11183838,250 g
127700,Aceite de coco,774216,La muestra analizada no presenta particularidades desde el punto de vista quimico para los parametros analizados,,En condiciones,TERRA VERDE,2024-10-03,26508/12,2026-04-30,BFD 042024,475 mL
127898,EXTRUDADO (ALMOHADITAS) A BASE DE SÉMOLA DE TRIGO. AZÚCAR. HARINA DE ARROZ Y HARINA DE AVENA CON RELLENO SAB A CHOCOLATE. ALIMENTO ADICIONADO CON VIT (A. B12. C. D. E. ÁCIDO FÓLICO) Y MIN (Fe. Ca. Zn),774224,Fuera de las condiciones reglamentarias,Decreto 117/006 Resolución GMC 26/03 Art. 6.4.1. No presenta datos del importador ni número de registro del producto.,En condiciones,KELLOGG´S,2024-10-03,13262/534,2024-12-20,D355 IC 1 3 08:24,350 g
127898,MEZCLA CRUJIENTE DE CEREALES CON TROZOS DE CHOCOLATE NEGRO  Y AVELLANAS,774220,La muestra analizada no presenta particularidades desde el punto de vista quimico para los parametros analizados,,En condiciones,BRÜGGEN,2024-10-03,11913/2087,2025-10-14,173.18:06,450g
127898,EXTRUDADO (ANILLOS) A BASE DE HARINAS DE MAÍZ. TRIGO Y AVENA. SABOR A FRUTAS. ADICIONADO CON VITAMINAS (D. B1. B6. B12. ÁCIDO FÓLICO) Y MINERALES (HIERRO. ZINC).,774225,Fuera de las condiciones reglamentarias,Decretos 272/018 y 34/021. De acuerdo a lo declarado em la información nutricional debe presentar rotulado frontal por exceso de azúcar.,Fuera de condiciones,KELLOGG´S,2024-10-03,13262/554,2025-05-30,E 151 2 23 07,230 g
127700,ACEITE COMESTIBLE PURO DE AJONJOLI,774219,La muestra analizada no presenta particularidades desde el punto de vista quimico para los parametros analizados,,En condiciones,LEE KUM KEE,2024-10-03,9283/1601,2025-09-25,BCR9Q 1200,207 mL
127898,CEREAL DE SALVADO DE TRIGO. ALIMENTO ADICIONADO CON VITAMINAS (D. B1. B6. B12. ÁCIDO FÓLICO) Y HIERRO,774222,La muestra analizada no presenta particularidades desde el punto de vista quimico para los parametros analizados,,En condiciones,KELLOGG´S,2024-10-03,13262/529,2025-03-20,L3 06:58,400 g
127700,ACEITE DE COCO ORGANICO,774218,Fuera de las condiciones reglamentarias,Resolución S/N/024 Reglamento Normativo de Productos (RUNAEV) Art. 1. El producto no está registrado.,En condiciones,CAMPO CLARO,2024-10-03,No posee registro,2026-04-25,01/24/ AL A,200 mL
127898,COPOS DE MAÍZ. ALIMENTO ADICIONADO CON VITAMINAS (D. B1. B6. B12. ÁCIDO FÓLICO) Y MINERALES (HIERRO),774221,La muestra analizada no presenta particularidades desde el punto de vista quimico para los parametros analizados,,En condiciones,KELLOGG´S,2024-10-03,13262/551,2025-06-05,05 06 25,180g
127700,MEZCLA DE ACEITES DE SOJA (80%) Y SÉSAMO (20%),774217,La muestra analizada no presenta particularidades desde el punto de vista quimico para los parametros analizados,,En condiciones,HEINZ,2024-10-03,11913/1492,2024-10-19,E23219,150 mL
127896,Cocoa libre de gluten,774206,La muestra analizada no presenta particularidades desde el punto de vista quimico para los parametros analizados,,En condiciones,NESTLE,2024-10-01,49/3,2027-08-31,41598774 19:49,500g
127896,COCOA,774204,La muestra analizada no presenta particularidades desde el punto de vista quimico para los parametros analizados,,En condiciones,CAFÉ BAHÍA,2024-10-01,3820/1,2026-05-31,no legible,500g
127896,Alimento en polvo para preparar bebidas adicionado de Vitaminas A. D. C. B2. Niacina. B6. B12 y Minerales Calcio y Hierro,774207,La muestra analizada no presenta particularidades desde el punto de vista quimico para los parametros analizados,,En condiciones,NESTLE,2024-10-01,49/1516,2024-12-01,4066121033 13:42,175g
127896,Alimento en polvo con cacao,774208,La muestra analizada no presenta particularidades desde el punto de vista quimico para los parametros analizados,,En condiciones,TA-TA,2024-10-01,18138/7,2026-06-28,0624,100g
127897,COCOA VAINILLADA,774203,Fuera de las condiciones reglamentarias,Resolución S/N/024. reglamento Normativo de Productos (RUNAEV). Art. 9. La habilitación del producto venció el 23/09/2018.,En condiciones,TORRENUEVA,2024-10-01,1082/58,2026-12-24,APL5,500g
127896,COCOA VAINILLADA INSTANTANEA,774205,La muestra analizada no presenta particularidades desde el punto de vista quimico para los parametros analizados,,En condiciones,MOROCHA,2024-10-01,556/19,2026-07-05,2407037,500g
127895,Leche UAT seleccionada chocolatada parcialmente descremada homogeneizada adicionada con vitaminas A. B3. D y ácido fólico libre de gluten.,774201,La muestra analizada no presenta particularidades desde el punto de vista quimico para los parametros analizados,,En condiciones,CINDOR,2024-09-30,19271/148,2025-01-13,HR 08:19,200 ml
127895,BEBIDA LACTEA CHOCOLATADA ULTRAPASTEURIZADA,774202,La muestra analizada no presenta particularidades desde el punto de vista quimico para los parametros analizados,,En condiciones,EL DORADO,2024-09-30,25285/843,2024-11-22,C/2. 16,1 L
127895,Leche U.A.T semidescremada chocolatada 2.8 % grasas totales,774198,La muestra analizada no presenta particularidades desde el punto de vista quimico para los parametros analizados,,En condiciones,CONAPROLE,2024-09-30,1395/89,2025-02-22,250222 U1 12:59,250 ml
127895,LECHE ENTERA UHT CON DULCE DE LECHE -COLET-,774200,La muestra analizada no presenta particularidades desde el punto de vista quimico para los parametros analizados,,En condiciones,CONAPROLE,2024-09-30,1395/831,2025-03-16,250316 U1 18:38,250 ml
127895,Bebida láctea Esterilizada Sabor Chocolate,774199,La muestra analizada no presenta particularidades desde el punto de vista quimico para los parametros analizados,,En condiciones,PARMALAT,2024-09-30,25285/225,2024-12-18,24007,200 ml
127895,LECHE UAT DESCREMADA CHOCOLATADA REDUCIDA EN CALORIAS. LIBRE DE GLUTEN.,774197,La muestra analizada no presenta particularidades desde el punto de vista quimico para los parametros analizados,,En condiciones,CONAPROLE,2024-09-30,1395/97,2025-02-06,250206 U1 14:05,250 ml
127894,Queso de alta humedad. doble crema. Libre de gluten,774190,La muestra analizada no presenta particularidades desde el punto de vista quimico para los parametros analizados,,En condiciones,LA SERENISIMA,2024-09-27,19271/753,2024-10-30,30.OCT.24 HR19:49 3(a),Venta al peso.
127894,Cuña de Queso Colonia,774187,La muestra analizada no presenta particularidades desde el punto de vista quimico para los parametros analizados,,En condiciones,EL PIAMONTES,2024-09-27,30594/13,2024-11-14,1,Venta al peso.
127931,ACEITE DE OLIVA VIRGEN EXTRA,774193,La muestra analizada no presenta particularidades desde el punto de vista quimico para los parametros analizados,,En condiciones,EL NARANJO,2024-09-27,1776/43,2026-09-30,L0405,500 mL
127894,Queso Port Salut dietético reducido en sus contenidos graso y calórico. y adicionado con vitaminas A y D. Libre de gluten,774189,La muestra analizada no presenta particularidades desde el punto de vista quimico para los parametros analizados,,En condiciones,LA SERENISIMA,2024-09-27,19271/760,2024-10-18,18.OCT.24 HR02:09 4,Venta al peso
127931,ACEITE DE OLIVA VIRGEN EXTRA,774192,La muestra analizada no presenta particularidades desde el punto de vista quimico para los parametros analizados,,En condiciones,LA ESPAÑOLA,2024-09-27,11913/1112,2027-01-25,No presenta,500 mL
127931,ACEITE DE OLIVA EXTRA VIRGEN,774196,La muestra analizada no presenta particularidades desde el punto de vista quimico para los parametros analizados,,En condiciones,MAZZA,2024-09-27,7664/130,2025-09-17,06A03078L1,1L
127931,Aceite de oliva extra virgen orgánico,774191,Fuera de las condiciones reglamentarias,Decreto 117/006 Resolución GMC 26/03 Art. 6.4.1. El número de registro que figura en el rótulo no es el correspondiente al producto. Decreto 80/019 Art. 17.3.14. El índice de peróxido es superior al límite establecido en la Norma COI/T.15/NC Nº3/Rev.18,En condiciones,CAMPO CLARO,2024-09-27,8345/1421,2025-04-30,010423,250 mL
127931,ADEREZO A BASE DE ACEITE DE OLIVA VIRGEN EXTRA SABOR LIMON,774194,La muestra analizada no presenta particularidades desde el punto de vista quimico para los parametros analizados,,En condiciones,DE LA SIERRA,2024-09-27,23559/9,2026-06-30,L0344,250mL
127894,QUESO TIPO PARMESANO,774188,La muestra analizada no presenta particularidades desde el punto de vista quimico para los parametros analizados,,En condiciones,EL PIAMONTÉS,2024-09-27,30594/12,2025-03-02,1,Venta al peso.
127931,Aceite de oliva extra virgen,774195,La muestra analizada no presenta particularidades desde el punto de vista quimico para los parametros analizados,,En condiciones,DE LA SIERRA,2024-09-27,23559/2,2026-03-31,L0278,500 mL
127892,Salsa de tomates sin gluten,774180,La muestra analizada no presenta particularidades desde el punto de vista quimico para los parametros analizados,,En condiciones,DON TOME,2024-09-24,38/239,2026-02-22,235,1 Kg
127892,Salsa de tomate Sin azúcares agregados. baja en calorías. Libre de gluten.,774183,La muestra analizada no presenta particularidades desde el punto de vista quimico para los parametros analizados,,En condiciones,PREDILECTA,2024-09-24,12266/160,2025-09-30,029,"1,7 Kg"
127892,Pulpa de tomate tamizada - Libre de gluten,774179,La muestra analizada no presenta particularidades desde el punto de vista quimico para los parametros analizados,,En condiciones,RIGBY,2024-09-24,38/152,2026-03-06,250,1 Kg
127892,SALSA TIPO PIZZERA SIN AZÚARES AGREGADOS,774181,Fuera de las condiciones reglamentarias,Decreto 117/006 Resolución GMC 26/03 Art. 4. La fecha de vencimiento no está en idioma español.,En condiciones,PREDILECTA,2024-09-24,12266/373,2024-12-31,256,300 g
127892,PULPA DE TOMATE CONCENTRADA LIBRE DE GLUTEN,774178,La muestra analizada no presenta particularidades desde el punto de vista quimico para los parametros analizados,,En condiciones,RIGBY,2024-09-24,38/150,2026-02-22,235,1 Kg
127892,PULPA DE TOMATE CONCENTRADA,774182,Fuera de las condiciones reglamentarias,Decreto 117/006 Resolución GMC 26/03 Art. 4. La fecha de vencimiento no está en idioma español.,En condiciones,PREDILECTA,2024-09-24,12266/124,2026-01-31,057,300 g
127887,SALCHICHA TIPO FRANKFURTERS LIGHT 0 % GRASAS TRANS. 85 % MENOS GRASA Y 55 % MENOS CALORIAS,774176,La muestra analizada no presenta particularidades desde el punto de vista quimico para los parametros analizados,,En condiciones,CATTIVELLI,2024-09-23,2077/61,2024-10-28,28.10.24,350 g
127887,Salchichas tipo Frankfurter. Libre de Gluten.,774177,La muestra analizada no presenta particularidades desde el punto de vista quimico para los parametros analizados,,En condiciones,SARUBBI,2024-09-23,2022/306,2024-09-30,21609,315 g
127886,QUESO FETEADO MUZZARELLA BAJO EN SODIO,774172,La muestra analizada no presenta particularidades desde el punto de vista quimico para los parametros analizados,,En condiciones,FARMING COLONIA SUIZA,2024-09-20,17977/104,2025-01-02,4215.1105  10:53:16,200 g
127886,Queso Fundido en Fetas,774174,La muestra analizada no presenta particularidades desde el punto de vista quimico para los parametros analizados,,En condiciones,PRESIDENT,2024-09-20,25285/73,2025-03-29,29 03 2024,200 g
127886,QUESO FETEADO DE MEDIANA HUMEDAD SEMIGRASO SIN GLUTEN,774173,La muestra analizada no presenta particularidades desde el punto de vista quimico para los parametros analizados,,En condiciones,FARMING,2024-09-20,17977/475,,4234.5201,200 g
127886,QUESO PROCESADO UAT EN FETAS,774171,La muestra analizada no presenta particularidades desde el punto de vista quimico para los parametros analizados,,En condiciones,ALPA,2024-09-20,1395/381,2024-10-19,952143 07:40,200 g
127886,Queso procesado en fetas especial para tostadas,774175,La muestra analizada no presenta particularidades desde el punto de vista quimico para los parametros analizados,,En condiciones,PRESIDENT,2024-09-20,25285/37,2025-02-16,16 02 2024,200 g
127886,Queso tipo Emmenthal,774170,La muestra analizada no presenta particularidades desde el punto de vista quimico para los parametros analizados,,En condiciones,NATURALIA,2024-09-20,11319/108,2024-10-08,05.27.07,Venta al peso
127885,ACEITE DE OLIVA EXTRA VIRGEN,774169,La muestra analizada no presenta particularidades desde el punto de vista quimico para los parametros analizados,,En condiciones,FILIPPO BERIO,2024-09-19,9283/712,2025-03-31,LE222U,250 mL
127883,Aceite de oliva extra virgen libre de gluten,774165,La muestra analizada no presenta particularidades desde el punto de vista quimico para los parametros analizados,,En condiciones,COLINAS DE GARZÓN,2024-09-19,22444/19,2026-03-18,180324,250 mL
127882,ACEITE DE OLIVA,774167,Fuera de las condiciones reglamentarias,Digesto Departamental Volumen VI Título II Art. D974. Producto no registrado en el SRA,En condiciones,LA TRINIDAD,2024-09-19,No posee registro,2026-03-31,03/26,500 mL
127883,Aceite de Oliva Extravirgen Bivarietal Libre de Gluten,774164,La muestra analizada no presenta particularidades desde el punto de vista quimico para los parametros analizados,,En condiciones,COLINAS DE GARZÓN,2024-09-19,22444/1,2026-03-15,15/03/2024,250 mL
127883,Aceite de Oliva Extra Virgen Trivarietal Libre de Gluten,774163,La muestra analizada no presenta particularidades desde el punto de vista quimico para los parametros analizados,,En condiciones,COLINAS DE GARZÓN,2024-09-19,22444/5,2026-03-18,18/03/24,250 mL
127883,ACEITE DE OLIVA EXTRA VIRGEN,774166,La muestra analizada no presenta particularidades desde el punto de vista quimico para los parametros analizados,,En condiciones,ORO CANTÁBRICO,2024-09-19,34615/6009,2026-03-26,env 29/05/2024,3 L
127880,SALSA DE TOMATE CON ALBAHACA,774158,La muestra analizada no presenta particularidades desde el punto de vista quimico para los parametros analizados,,En condiciones,MUTTI,2024-09-18,9283/1327,2025-08-31,266 21:15 9,400g
127880,PULPA DE TOMATES CONCENTRADA,774157,La muestra analizada no presenta particularidades desde el punto de vista quimico para los parametros analizados,,En condiciones,TIENDA INGLESA,2024-09-18,3106/5227,25-11-16,170524,1.030 Kg
127880,SALSA DE TOMATE CON ALBAHACA LIBRE DE GLUTEN,774161,La muestra analizada no presenta particularidades desde el punto de vista quimico para los parametros analizados,,En condiciones,BARILLA,2024-09-18,9283/1533,2026-02-13,14 54 54 2144(IBS)13/02/2026,400g
127880,SALSA A BASE DE TOMATES. SIN GLUTEN,774160,La muestra analizada no presenta particularidades desde el punto de vista quimico para los parametros analizados,,En condiciones,CIDACOS,2024-09-18,8529/237,2026-12-31,22 3704 19:4702,290g
127880,Tomate entero pelado al natural,774162,La muestra analizada no presenta particularidades desde el punto de vista quimico para los parametros analizados,,En condiciones,COPPOLA,2024-09-18,25226/21,2026-12-31,M230PE,400g
127880,SALSA AGRIDULCE A BASE DE CHILE,774159,La muestra analizada no presenta particularidades desde el punto de vista quimico para los parametros analizados,,En condiciones,MRS. DARLINGTON'S,2024-09-18,3106/15682,2025-09-30,Q611,330g
127920,SALCHICHAS TIPO FRANKFURTERS,774149,La muestra analizada no presenta particularidades desde el punto de vista quimico para los parametros analizados,,En condiciones,LA GUILLERMINA,2024-09-17,2726/47,2024-10-18,M 18.3  0903 -1 15:14,1.6 kg
127920,SALCHICHAS TIPO PILDORITAS,774151,La muestra analizada no presenta particularidades desde el punto de vista quimico para los parametros analizados,,En condiciones,SCHNECK,2024-09-17,2726/25,2024-10-12,M 16.1 0828-1 09:31,Venta al peso
127920,salchichas tipo frankfurters libre de gluten,774150,La muestra analizada no presenta particularidades desde el punto de vista quimico para los parametros analizados,,En condiciones,SARUBBI,2024-09-17,2022/229,2024-09-24,15608,1 Kg
127920,Salchicha Tipo Frankfurter,774152,La muestra analizada no presenta particularidades desde el punto de vista quimico para los parametros analizados,,En condiciones,DEVOTO,2024-09-17,2022/144,2024-09-22,13608,Venta al peso
127920,Salchichas tipo Frankfurter. Libre de Gluten.,774153,La muestra analizada no presenta particularidades desde el punto de vista quimico para los parametros analizados,,En condiciones,SARUBBI,2024-09-17,2022/298,2024-09-30,21608,320 g
127913,Salchichas tipo Frankfurter. Libre de Gluten.,774148,La muestra analizada no presenta particularidades desde el punto de vista quimico para los parametros analizados,,En condiciones,SARUBBI,2024-09-16,2022/286,2024-10-06,27608,720 g
127907,QUESO DANBO PROCESADO PASTEURIZADO,774142,Fuera de las condiciones reglamentarias,Decretos 272/018 y 34/021. Debe presentar rotulado frontal por exceso de sodio..Digesto Departamental Volumen VI Titulo II art. D974.2 Resolución N° 3461/24. El producto presenta su registro vencido desde 01/06/2021.,Fuera de condiciones,BANIL,2024-09-11,6891/38,2024-10-10,L016,VENTA AL PESO.
127907,Queso emmental,774144,La muestra analizada no presenta particularidades desde el punto de vista quimico para los parametros analizados,,En condiciones,PRESIDENT,2024-09-11,25285/12,2024-09-21,21/09/2024 A085A-23:47 A1,220 g
127907,Queso tipo parmesano libre de gluten,774141,La muestra analizada no presenta particularidades desde el punto de vista quimico para los parametros analizados,,En condiciones,GRANJA NATURALIA,2024-09-11,11319/40,2025-02-19,09.29.16,270 g
127907,QUESO MAGRO SIN SAL AGREGADA AL VACIO,774140,La muestra analizada no presenta particularidades desde el punto de vista quimico para los parametros analizados,,En condiciones,MAIA,2024-09-11,17081/8,2025-01-08,1117,Venta al peso
127907,QUESO MAGRO CON SAL,774143,La muestra analizada no presenta particularidades desde el punto de vista quimico para los parametros analizados,,En condiciones,TALAR,2024-09-11,24046/25,,------,Venta al peso
127907,Queso tipo Parmesano,774145,Fuera de las condiciones reglamentarias,Decreto 117/006 Resolución GMC 26/03 Art. 6.5.1 y 6.6.1 porque el lote y fecha de vencimiento están en etiqueta auto-adhesiva..Digesto Departamental Volumen VI Titulo II art. D974.2 Resolución N° 3461/24. El producto presenta su registro vencido desde 02/09/2021.,En condiciones,GRANJA NARBONA,2024-09-11,26118/15,2025-11-08,138021,vENTA AL PESO
127875,ACEITE DE OLIVA VIRGEN EXTRA,774136,La muestra analizada no presenta particularidades desde el punto de vista quimico para los parametros analizados,,En condiciones,FRESH MARKET,2024-09-10,4463/2500,2026-08-31,LO377,250 mL
127877,Salchicha tipo Frankfurter SIN GLUTEN,774121,La muestra analizada no presenta particularidades desde el punto de vista quimico para los parametros analizados,,En condiciones,CENTENARIO,2024-09-10,2729/473,2024-10-10,24239  H3,Venta al peso
127875,ACEITE DE OLIVA VIRGEN EXTRA,774138,Fuera de las condiciones reglamentarias,Decreto 80/019 Art. 17.3.14. Absorbancia ultravioleta (K268) superior al límite.,En condiciones,RAFAEL SALGADO,2024-09-10,1026/104,2025-10-31,L-2229OF42,250 mL
127877,Salchichas tipo frankfurter,774119,La muestra analizada no presenta particularidades desde el punto de vista quimico para los parametros analizados,,En condiciones,CAMPOSUR,2024-09-10,22720/283,2024-09-15,16/08/24 11:53,350 g
127877,SALCHICHA TIPO FRANKFURTER LIBRE DE GLUTEN,774117,Fuera de las condiciones reglamentarias,Digesto Departamental Volumen VI Titulo II art. D974.2 Resolución N° 3461/24. El producto presenta su registro vencido desde el 25/05/2022.,En condiciones,SARUBBI,2024-09-10,2022/28,2024-10-02,23608,315 g
127876,Salsa de Tomate,774130,La muestra analizada no presenta particularidades desde el punto de vista quimico para los parametros analizados,,En condiciones,DON PERITA,2024-09-10,17779/153,2026-06-30,1106005,510g
127877,SALCHICHA TIPO FRANKFURTERS CON QUESO,774118,La muestra analizada no presenta particularidades desde el punto de vista quimico para los parametros analizados,,En condiciones,CATTIVELLI,2024-09-10,2077/64,2024-10-04,04.10.24,350 g
127875,ACEITE DE OLIVA EXTRA VIRGEN-LIBRE DE GLUTEN,774134,Fuera de las condiciones reglamentarias,Decreto 117/006 Resolución GMC 26/03. Art. 4 y 5. No presenta información obligatoria en idioma español. Toda la rotulación está en portugués.,En condiciones,COCINERO,2024-09-10,8529/300,2026-04-09,LB0124,500 mL
127877,SALCHICHAS TIPO FRANKFURTERS,774122,La muestra analizada no presenta particularidades desde el punto de vista quimico para los parametros analizados,,En condiciones,SCHNECK,2024-09-10,2726/6,2024-10-10,M 17.2  0826-1 14:14,490 g
127876,PULPA DE TOMATE TAMIZADA SIN CONSERVANTES,774132,Fuera de las condiciones reglamentarias,Digesto Departamental Volumen VI Título II Art. D974. Producto no registrado en el SRA,En condiciones,YOLY,2024-09-10,No posee registro,2025-12-12,164,1Kg
127875,ACEITE DE OLIVA VIRGEN EXTRA,774139,La muestra analizada no presenta particularidades desde el punto de vista quimico para los parametros analizados,,En condiciones,OLIVARES DE SANTA LAURA,2024-09-10,30188/1,2026-05-01,010526,500 mL
127876,Puré de tomate Libre de gluten,774129,La muestra analizada no presenta particularidades desde el punto de vista quimico para los parametros analizados,,En condiciones,NOEL,2024-09-10,1409/4894,2025-05-23,23/05/2025 SJ19:104,530g
127875,Aceite de oliva extra virgen,774135,La muestra analizada no presenta particularidades desde el punto de vista quimico para los parametros analizados,,En condiciones,LOS RANCHOS,2024-09-10,8345/1739,2026-06-30,L240709,250 mL
127875,ACEITE DE OLIVA EXTRA VIRGEN,774137,La muestra analizada no presenta particularidades desde el punto de vista quimico para los parametros analizados,,En condiciones,YBARRA,2024-09-10,4463/1247,2026-04-30,L24102A2,1 L
127876,TOMATES TRITURADOS SIN PELAR,774128,La muestra analizada no presenta particularidades desde el punto de vista quimico para los parametros analizados,,En condiciones,PEQUEÑA GRANJA,2024-09-10,8345/322,2027-06-11,110724,750g
127876,PULPA DE TOMATE TAMIZADA,774131,La muestra analizada no presenta particularidades desde el punto de vista quimico para los parametros analizados,,En condiciones,PRECIO LÍDER,2024-09-10,4463/1779,2026-01-08,080724,1.020 Kg
127877,SALCHICHAS TIPO FRANKFURTERS.,774120,La muestra analizada no presenta particularidades desde el punto de vista quimico para los parametros analizados,,En condiciones,PRECIO LÍDER,2024-09-10,4463/1963,2024-10-11,270811,960 g
127876,SALSA DE TOMATE TIPO ITALIANA LIBRE DE GLUTEN,774133,La muestra analizada no presenta particularidades desde el punto de vista quimico para los parametros analizados,,En condiciones,RIGBY,2024-09-10,38/231,2026-01-15,197,1 Kg
127873,POLVO PARA PREPARAR BEBIDA SIN ALCOHOL DIETETICA BAJAS CALORIAS ADICIONADA DE VITAMINA C SABOR NARANJA,774113,Fuera de las condiciones reglamentarias,Digesto Departamental Volumen VI Título II Art. D974.3 El producto no se comercializa de acuerdo a lo declarado en IgDoc. Decreto 315/994 Art. 30.1.10. En el envase secundario figuran representaciones gráficas de frutas. Decreto 117/006 Resolución GMC 26/03 Art. 5. El envase secundario no presenta información obligatoria completa.,En condiciones,PURITAS,2024-09-09,1403/319,2025-08-31,0824,24g
127874,POLVO PARA PREPARAR BEBIDA ANALCOHÓLICA ARTIFICIAL DIETÉTICA BAJA EN CALORÍAS ADICIONADA DE VITAMINA C SABOR MANZANA,774116,La muestra analizada no presenta particularidades desde el punto de vista quimico para los parametros analizados,,En condiciones,RINDE DOS,2024-09-09,34239/90,2025-05-22,0404 V 220525,15g
127874,POLVO PARA PREPARAR BEBIDA ANALCOHOLICA ARTIFICIAL DIETETICA BAJA EN CALORIAS ADICIONADA DE VITAMN¡INA C.  SABOR LIMON,774115,La muestra analizada no presenta particularidades desde el punto de vista quimico para los parametros analizados,,En condiciones,RINDE DOS,2024-09-09,34239/88,2025-05-20,20 05 25,15g
127873,POLVO PARA PREPARAR BEBIDA SIN ALCOHOL DIETETICA BAJAS CALORIAS ADICIONADA DE VITAMINA C SABOR DURAZNO,774112,Fuera de las condiciones reglamentarias,Decreto 315/994 Art. 30.1.10. El envase secundario presenta representaciones gráficas de frutas. Decreto 117/006 Resolución GMC 26/03 Art. 5. El envase secundario no presenta la información obligatoria completa.,En condiciones,PURITAS,2024-09-09,1403/320,2025-08-31,0824,24 g
127873,POLVO PARA PREPARAR BEBIDA SIN ALCOHOL DIETETICA BAJAS CALORIAS ADICIONADA DE VITAMINA C SABOR NARANJA- BANANA,774114,Fuera de las condiciones reglamentarias,Digesto Departamental Volumen VI Titulo II Art. D974.3. El producto no se comercializa de acuerdo a IgDoc. Decreto 315/994 Art. 30.1.10. El envase secundario presenta representaciones gráficas de frutas. Decreto 117/006 Resolución GMC 26/03 Art. 5. El envase sesundario no presenta información obligatoria completa.,En condiciones,PURITAS,2024-09-09,1403/321,2025-08-31,0824,24g
127873,Polvo para preparar bebida sin alcohol dietética de bajas calorías adicionada de vitamina C sabor pera,774111,Fuera de las condiciones reglamentarias,Digesto Departamental Volumen VI Título II Art. D974.3. el producto no se comercializa de acuerdo a lo declarado en IgDoc. Decreto 315/994 Art. 30.1.10. El rótulo del envase secundario presenta representaciones gráficas de frutas.Decreto 117/006 Resolución GMC 26/03 Art.5. El envase secundario no presenta información obligatoria completa.,En condiciones,PURITAS,2024-09-09,1403/324,2025-08-31,0824,24 g
127904,QUESO DAMBO,774098,Fuera de las condiciones reglamentarias,Decreto 117/006 Res GMC 26/03 art  5. El producto no presenta rotulación obligatoria completa.,En condiciones,-,2024-09-06,33063,2024-09-20,04-09-24,266 g
127872,TOMATES ENTEROS AL NATURAL SIN PELAR SIN GLUTEN,774102,La muestra analizada no presenta particularidades desde el punto de vista quimico para los parametros analizados,,En condiciones,LAS ACACIAS,2024-09-06,736/116,2027-01-31,4018,400g
127872,PURE DE TOMATE LIBRE DE GLUTEN,774107,Fuera de las condiciones reglamentarias,Decreto 117/006 Resolución GMC 26/03 Art. 3.1 (a). La rotulación es confusa en relación a qué tipo de conserva de tomate es el producto. Art. 6.4.1. La dirección del importador que figura en el rótulo corresponde a un local cerrado. Digesto Departamental Volumen VI Título II Art. D974.3. El producto no se comercializa de acuerdo a lo aprobado en IgDoc.,En condiciones,MUTTI,2024-09-06,9283/1322,2026-01-31,m131 601(F),700g
127906,QUESO FETEADO MUZZARELLLA,774100,La muestra analizada no presenta particularidades desde el punto de vista quimico para los parametros analizados,,En condiciones,FARMING COLONIA SUIZA,2024-09-06,17977/103,2025-01-05,4218.0902,200 g
127872,SALSA DE TOMATE A LA NAPOLITANA LIBRE DE GLUTEN,774105,La muestra analizada no presenta particularidades desde el punto de vista quimico para los parametros analizados,,En condiciones,HELIOS,2024-09-06,11913/2887,2026-08-18,230818,300g
127903,QUESO MAGRO SIN SAL AGREGADA (AL VACIO) - LIBRE DE GLUTEN,774097,La muestra analizada no presenta particularidades desde el punto de vista quimico para los parametros analizados,,En condiciones,COLONIAL,2024-09-06,22654/25,2024-12-04,060803,342 g
127903,QUESO MAGRO CON SAL (AL VACIO) - LIBRE DE GLUTEN,774096,Fuera de las condiciones reglamentarias,Digesto Departamental Volumen VI Titulo II art. D974.2 Resolución N° 3461/24. El producto presenta su registro vencido desde 06/04/2022.,En condiciones,COLONIAL,2024-09-06,22654/24,2024-12-01,030802,Venta al peso
127872,TOMATES ENTEROS AL NATURAL LIBRE DE GLUTEN,774103,La muestra analizada no presenta particularidades desde el punto de vista quimico para los parametros analizados,,En condiciones,RIO DE LA PLATA,2024-09-06,5529/1622,2024-03-30,3081,400g
127905,QUESO MUZZARELLA,774099,Fuera de las condiciones reglamentarias,Decreto 117/006 Resolución GMC 26/03 Art. 5. No presenta la rotulación obligatoria completa.,En condiciones,-,2024-09-06,33063,2024-09-21,05-09-24,284 g
127872,TOMATES ENTEROS AL NATURAL PELADOS LIBRE DE GLUTEN,774104,La muestra analizada no presenta particularidades desde el punto de vista quimico para los parametros analizados,,En condiciones,REVELACIÓN,2024-09-06,25528/1024,2026-01-31,15223,400g
127906,QUESO PROCESADO FETEADO PARA SANDWICH,774101,La muestra analizada no presenta particularidades desde el punto de vista quimico para los parametros analizados,,En condiciones,FARMING COLONIA SUIZA,2024-09-06,17977/101,2025-01-15,4228.5002,200 g
127872,TOMATES TAMIZADOS,774106,Fuera de las condiciones reglamentarias,Digesto Departamental Volumen VI Título II Art. D974.2 y Resolución 3461/24 Art. 9. El registro del producto está vencido. Art. D974.3. El producto no se comercializa de acuerdo a IgDoc. Decreto 117/006 Resolución GMC 26/03 Art. 3.1 (a). La rotulación puede inducir a engaño en relación a qué tipo de conserva de tomate es el producto.,En condiciones,MAZZA,2024-09-06,7664/110,2026-12-31,H1M277,680g
127871,ACEITE DE OLIVA EXTRA VIRGEN. LIBRE DE GLUTEN,774091,La muestra analizada no presenta particularidades desde el punto de vista quimico para los parametros analizados,,En condiciones,O'33,2024-09-04,26134/6,2026-01-17,Lote17/0524,500 mL
127871,ACEITE DE OLIVA EXTRA VIRGEN,774090,La muestra analizada no presenta particularidades desde el punto de vista quimico para los parametros analizados,,En condiciones,CASA RINALDI,2024-09-04,4463/957,2024-11-15,16:48 B(F),0.5 L
127871,ACEITE DE OLIVA EXTRA VIRGEN,774095,La muestra analizada no presenta particularidades desde el punto de vista quimico para los parametros analizados,,En condiciones,MOLINO CAÑUELAS,2024-09-04,2877/69,2026-05-27,L:12(3),500 mL
127871,ACEITE DE OLIVA EXTRA VIRGEN. LIBRE DE GLUTEN,774092,La muestra analizada no presenta particularidades desde el punto de vista quimico para los parametros analizados,,En condiciones,O'33,2024-09-04,26134/4,2025-08-22,LOTE 234/2123,250 mL
127871,ACEITE DE OLIVA VIRGEN EXTRA,774094,La muestra analizada no presenta particularidades desde el punto de vista quimico para los parametros analizados,,En condiciones,LA ESPAÑOLA,2024-09-04,11913/413,2026-07-10,ART 945841,500 mL
127871,ACEITE DE OLIVA,774093,La muestra analizada no presenta particularidades desde el punto de vista quimico para los parametros analizados,,En condiciones,CASA RINALDI,2024-09-04,4463/1220,2024-11-15,16:19 G(E),1 L
127869,SALCHICHAS TIPO FRANKFURTER. SIN GLUTEN,774082,La muestra analizada no presenta particularidades desde el punto de vista quimico para los parametros analizados,,En condiciones,OTTONELLO,2024-09-03,137/3100,2024-09-28,140822,Venta al peso
127868,SALCHICHA TIPO FRANKFURTER,774078,La muestra analizada no presenta particularidades desde el punto de vista quimico para los parametros analizados,,En condiciones,DOÑA COCA,2024-09-03,915/20,2024-09-24,ELAB 15/08/24 12:04 D,Venta al peso
127869,SALCHICHAS TIPO FRANKFURTER. LIBRE DE GLUTEN,774081,La muestra analizada no presenta particularidades desde el punto de vista quimico para los parametros analizados,,En condiciones,LA SUREÑA,2024-09-03,137/4000,2024-10-04,190812,Venta al Peso
127870,SALCHICHA TIPO FRANKFURTERS,774079,Fuera de las condiciones reglamentarias,Decretos 272/018 y 34/021 por el contenido de sodio declarado en la información nutricional el producto debe presentar octógono de exceso de sodio.,Fuera de condiciones,CABAÑA LA DOLFINA,2024-09-03,22720/154,2024-09-16,02/08/2024 09:2G,VENTA AL PESO
127870,Salchicha tipo frankfurter sin gluten,774080,La muestra analizada no presenta particularidades desde el punto de vista quimico para los parametros analizados,,En condiciones,CAMPOSUR,2024-09-03,22720/258,2024-10-03,ENV 19/08/2024 06:57,Venta al peso
127867,POLVO PARA PREPARAR BEBIDA ANALCOHOLICA ARTIFICIAL DIETETICA DE BAJAS CALORIAS ADICIONADA CON VITAMINA C SABOR A NARANJA DURAZNO,774072,La muestra analizada no presenta particularidades desde el punto de vista quimico para los parametros analizados,,En condiciones,ARCOR,2024-09-02,1409/7300,2025-01-29,29/01/25 20:09 3RA,18 g
127867,POLVO PARA PREPARAR BEBIDA ANALCOHOLICA ARTIFICIAL DIETETICA DE BAJAS CALORIAS ADICIONADA DE VITAMINA C SABOR A LIMONADA.,774075,La muestra analizada no presenta particularidades desde el punto de vista quimico para los parametros analizados,,En condiciones,BC LA CAMPAGNOLA,2024-09-02,1409/7644,2025-04-09,L 09/04/25 12:32 1RA,7 g
127867,POLVO PARA PREPARAR BEBIDA ANALCOHOLICA ARTIFICIAL DIETETICA DE BAJAS CALORIAS ADICIONADA DE VITAMINA C SABOR A NARANJA DULCE.,774074,La muestra analizada no presenta particularidades desde el punto de vista quimico para los parametros analizados,,En condiciones,BC LA CAMPAGNOLA,2024-09-02,1409/7641,2025-02-07,L 07/02/25 16:50 2RA,7 g
127867,POLVO PARA PREPARAR BEBIDA ANALCOHOLICA ARTIFICIAL DIETETICA DE BAJAS CALORIAS ADICIONADA CON VITAMINA C SABOR A NARANJA BANANA,774076,La muestra analizada no presenta particularidades desde el punto de vista quimico para los parametros analizados,,En condiciones,ARCOR,2024-09-02,1409/7303,2025-05-14,L 14/05/25 09:11 3RA,18 g
127867,POLVO PARA PREPARAR BEBIDA ARTIFICIAL DIETETICA DE BAJAS CALORIAS SABOR A MULTIFRUTA. ADICIONADA DE VITAMINAS C Y D . LIBRE DE GLUTEN. SIN TACC,774077,La muestra analizada no presenta particularidades desde el punto de vista quimico para los parametros analizados,,En condiciones,TANG,2024-09-02,6828/1676,2025-09-17,L 4413816 16:28,15 g
127867,POLVO PARA PREPARAR BEBIDA ANALCOHÓLICA ARTIFICIAL DIETÉTICA DE BAJAS CALORÍAS SABOR A MANDARINA. LIBRE DE GLUTEN. SIN TACC PARA URUGUAY: ADICIONADO CON VITAMINAS C Y D.,774073,La muestra analizada no presenta particularidades desde el punto de vista quimico para los parametros analizados,,En condiciones,CLIGHT,2024-09-02,6828/1704,2025-03-19,L 33323 10:34,8 g
127863,QUESO PROCESADO U.A.T. UNTABLE SABOR CHEDDAR LIBRE DE GLUTEN,774066,La muestra analizada no presenta particularidades desde el punto de vista quimico para los parametros analizados,,En condiciones,CONAPROLE,2024-08-29,1395/1162,2024-11-22,952547,230 g
127865,MANTECA - PRODUCTO LIBRE DE GLUTEN,774071,La muestra analizada no presenta particularidades desde el punto de vista quimico para los parametros analizados,,En condiciones,CLALDY,2024-08-29,2452/157,2024-10-13,H15JO2,200 g
127864,MANTECA,774070,La muestra analizada no presenta particularidades desde el punto de vista quimico para los parametros analizados,,En condiciones,KASDORF,2024-08-29,1395/231,2024-11-22,22/05/2024 13:46 5910-AB,200 g
127863,ALIMENTO LACTEO A BASE DE QUESO,774069,La muestra analizada no presenta particularidades desde el punto de vista quimico para los parametros analizados,,En condiciones,CONAPROLE,2024-08-29,1395/1207,2024-09-07,I32W,370 g
127863,QUESO CREMA-LIBRE DE GLUTEN,774067,La muestra analizada no presenta particularidades desde el punto de vista quimico para los parametros analizados,,En condiciones,TALAR,2024-08-29,24046/19,2024-09-13,241277,380 g
127863,QUESO PROCESADO GAMBÚ UNTABLE SABOR AHUMADO - LIBRE DE GLUTEN,774064,Fuera de las condiciones reglamentarias,Decretos 272/018 y 34/021. Por los datos analiticos obtenidos el producto  debe presentar rotulado frontal por exceso de sodio.,Fuera de condiciones,CLALDY,2024-08-29,2452/22,2024-09-27,H.29J- 1,400 g
127863,QUESO BLANCO CERO LIGHT 60% MENOS GRASA,774068,La muestra analizada no presenta particularidades desde el punto de vista quimico para los parametros analizados,,En condiciones,TALAR,2024-08-29,24046/34,2024-09-18,241324,400 g
127863,QUESO PROCESADO GAMBÚ UNTABLE- LIBRE DE GLUTEN,774065,Fuera de las condiciones reglamentarias,Decretos 272/018 y 34/021. Por los resultados analiticos la muestra debe presentar rotulado frontal por exceso de sodio.,Fuera de condiciones,CLALDY,2024-08-29,2452/6,2024-10-11,H13K- 14,400 g
127862,Pasta fresca pasteurizada,774054,La muestra analizada no presenta particularidades desde el punto de vista quimico para los parametros analizados,,En condiciones,PASTAMANÍA,2024-08-28,2099/1,2024-11-07,24222,500 g
127862,Pasta con papa de larga duración,774053,La muestra analizada no presenta particularidades desde el punto de vista quimico para los parametros analizados,,En condiciones,LOS ABUELOS,2024-08-28,1494/10,2024-09-07,2208,500g
127862,Pasta fresca pasteurizada envasada en atmosfera modificada con albahaca,774056,La muestra analizada no presenta particularidades desde el punto de vista quimico para los parametros analizados,,En condiciones,AVANTI,2024-08-28,2099/22,2024-09-14,24183,270 g
127862,Pasta fresca pasteurizada envasada en atmósfera modificada rellena de jamón y queso,774052,La muestra analizada no presenta particularidades desde el punto de vista quimico para los parametros analizados,,En condiciones,AVANTI,2024-08-28,2099/6,2024-10-19,24233,500g
127862,Pasta fresca rellena de larga duración,774057,La muestra analizada no presenta particularidades desde el punto de vista quimico para los parametros analizados,,En condiciones,LOS ABUELOS,2024-08-28,1494/31,2024-09-07,2208,500 g
127862,Pasta fresca pasteurizada envasada en atmósfera modificada rellena de verdura,774055,La muestra analizada no presenta particularidades desde el punto de vista quimico para los parametros analizados,,En condiciones,AVANTI,2024-08-28,2099/5,2024-09-03,24172,500 g
127859,Polvo para preparar postre sabor chocolate,774049,La muestra analizada no presenta particularidades desde el punto de vista quimico para los parametros analizados,,En condiciones,FLEISCHMANN,2024-08-27,185/447,2024-10-19,2310102,200 g
127859,POLVO PARA PREPARAR TORTA SABOR A VAINILLA,774051,La muestra analizada no presenta particularidades desde el punto de vista quimico para los parametros analizados,,En condiciones,ROYAL,2024-08-27,6828/1606,2025-03-16,45076 04 29,500 g
127859,POLVO PARA PREPARAR POSTRE SABOR A CHOCOLATE,774050,La muestra analizada no presenta particularidades desde el punto de vista quimico para los parametros analizados,,En condiciones,ROYAL,2024-08-27,6828/941,2026-04-30,L4 092/1,200 g
127859,Polvo para preparar postre sabor dulce de leche,774047,La muestra analizada no presenta particularidades desde el punto de vista quimico para los parametros analizados,,En condiciones,FLEISCHMANN,2024-08-27,185/472,2025-05-02,2405598,200
127859,Premezcla para preparar Budín sabor vainilla,774046,La muestra analizada no presenta particularidades desde el punto de vista quimico para los parametros analizados,,En condiciones,FLEISCHMANN,2024-08-27,185/461,2024-09-28,23009499,500 g
127859,Polvo para preparar postre sabor vainilla,774048,La muestra analizada no presenta particularidades desde el punto de vista quimico para los parametros analizados,,En condiciones,FLEISCHMANN,2024-08-27,185/473,2024-10-19,2310099,200 g
127837,MEZCLA PARA PREPARAR PURÉ DESHIDRATADO,774043,La muestra analizada no presenta particularidades desde el punto de vista quimico para los parametros analizados,,En condiciones,TATA,2024-08-26,5529/1819,2025-02-25,169,125 g
127837,PURÉ DE PAPAS DESHIDRATADO,774044,La muestra analizada no presenta particularidades desde el punto de vista quimico para los parametros analizados,,En condiciones,VITER,2024-08-26,25528/740,2026-01-05,05JUL083,100 g
127837,Puré de papas. instantáneo,774042,La muestra analizada no presenta particularidades desde el punto de vista quimico para los parametros analizados,,En condiciones,NATURA,2024-08-26,5529/1425,2025-07-22,204,120 g
127837,Pure de papas instantáneo,774040,La muestra analizada no presenta particularidades desde el punto de vista quimico para los parametros analizados,,En condiciones,PURITAS,2024-08-26,1403/607,2025-07-31,252123 L0724,125 g
127837,PURE DE PAPAS INSTANTANEO,774041,La muestra analizada no presenta particularidades desde el punto de vista quimico para los parametros analizados,,En condiciones,DE LEY,2024-08-26,750/377,2025-04-30,LT 20/07/2024,120 g
127837,PURE DE PAPA INSTANTANEO,774045,Fuera de las condiciones reglamentarias,Digesto Departamental Volumen VI Título II Art. D974.2 y Resolución 3461/24 Art. 9. El registro delproducto está vencido.,En condiciones,COLOLO,2024-08-26,6227/299,2025-04-30,17/06/24,120 g
127853,Manteca sin sal - Libre de gluten,774037,La muestra analizada no presenta particularidades desde el punto de vista quimico para los parametros analizados,,En condiciones,CONAPROLE,2024-08-23,1395/22,2024-12-10,10/06/2024 18:02,200 g
127853,MANTECA,774038,La muestra analizada no presenta particularidades desde el punto de vista quimico para los parametros analizados,,En condiciones,PRECIO LÍDER,2024-08-23,4463/2236,2025-01-16,5 965-A4,200 g
127853,Manteca con sal. Libre de gluten,774036,La muestra analizada no presenta particularidades desde el punto de vista quimico para los parametros analizados,,En condiciones,CONAPROLE,2024-08-23,1395/23,2024-12-06,06/06/2024 13:33,200 g
127853,Manteca calidad extra Libre de gluten Sin T.A.C.C.,774039,La muestra analizada no presenta particularidades desde el punto de vista quimico para los parametros analizados,,En condiciones,LA SERENISIMA,2024-08-23,19271/859,2024-11-10,10/11/2024 B Hr19:15,200 g
127852,QUESO PROCESADO UNTABLE SABOR AHUMADO,774035,La muestra analizada no presenta particularidades desde el punto de vista quimico para los parametros analizados,,En condiciones,CLALDY,2024-08-22,2452/15,2024-10-03,H05K01,200 g
127851,Pasta al huevo con espinaca congelada,774028,Fuera de las condiciones reglamentarias,Decreto 117/006 MERCOSUR/GMC/RES. Nº 26/03 Art. 6.6.2 no se indica fecha de elaboración.,En condiciones,LOS ABUELOS,2024-08-22,1494/64,2025-07-01,0107,500g
127851,PASTA RELLENA CRUDA CONGELADA,774027,Fuera de las condiciones reglamentarias,Decr. 117/006 MERCOSUR/GMC/RES Nº26/03 Art. 6.6.1.d la fecha de vencimiento del producto no es visible. Art. 6.6.2 no se indica fecha de elaboración,En condiciones,VALLE DEL SOL,2024-08-22,3106/903,,095,750g
127852,QUESO FUNDIDO PARA UNTAR,774032,La muestra analizada no presenta particularidades desde el punto de vista quimico para los parametros analizados,,En condiciones,PRESIDENT,2024-08-22,25285/84,2024-09-26,087W,125 g
127851,Pasta rellena fresca de larga duración,774024,La muestra analizada no presenta particularidades desde el punto de vista quimico para los parametros analizados,,En condiciones,LOS ABUELOS,2024-08-22,1494/35,2025-06-13,1406,1Kg
127852,REQUESON CREMOSO,774031,La muestra analizada no presenta particularidades desde el punto de vista quimico para los parametros analizados,,En condiciones,CONAPROLE,2024-08-22,1395/102,2025-01-16,952529,250 g
127851,Pasta rellena de larga duración congelada. cruda,774026,La muestra analizada no presenta particularidades desde el punto de vista quimico para los parametros analizados,,En condiciones,CRUFI,2024-08-22,2097/41,2025-03-01,E2409061,750g
127852,REQUESÓN,774033,La muestra analizada no presenta particularidades desde el punto de vista quimico para los parametros analizados,,En condiciones,FARMING,2024-08-22,17977/218,2024-12-22,4204.0205,400 g
127852,QUESO PROCESADO UNTABLE REDUCIDO EN CALORIAS UHT,774034,La muestra analizada no presenta particularidades desde el punto de vista quimico para los parametros analizados,,En condiciones,ALPA,2024-08-22,1395/825,2025-01-26,952579,230 g
127851,Pasta fresca rellena con ricota. jamón cocido y queso muzzarella. Ravioles pasteurizados. envasados en atmósfera modificada. congelados,774029,La muestra analizada no presenta particularidades desde el punto de vista quimico para los parametros analizados,,En condiciones,BATUK,2024-08-22,1712/840,2025-08-18,170,750g
127851,Pasta rellena de larga duración. congelada. cruda,774025,La muestra analizada no presenta particularidades desde el punto de vista quimico para los parametros analizados,,En condiciones,CRUFI,2024-08-22,2097/40,2025-04-05,E2414096,750g
127852,REQUESON LIGHT. 55% MENOS GRASA,774030,La muestra analizada no presenta particularidades desde el punto de vista quimico para los parametros analizados,,En condiciones,CONAPROLE,2024-08-22,1395/537,2025-01-03,952454,250 g
127832,POLVO PARA PREPARAR BIZCOCHUELO SABOR VAINILLA LIBRE DE GLUTEN,774017,La muestra analizada no presenta particularidades desde el punto de vista quimico para los parametros analizados,,En condiciones,HORNEX,2024-08-20,1436/53,2025-12-31,2406795,500 g
127832,Polvo para preparar postre sabor vainilla,774015,La muestra analizada no presenta particularidades desde el punto de vista quimico para los parametros analizados,,En condiciones,PRECIO LÍDER,2024-08-20,4463/2865,2026-03-21,12670,200 g
127832,PREMEZCLA PARA ELABORAR BIZCOCHUELO SABOR CHOCOLATE,774013,La muestra analizada no presenta particularidades desde el punto de vista quimico para los parametros analizados,,En condiciones,CAÑUELAS,2024-08-20,2877/284,2025-06-29,2906,450 g
127832,POLVO PARA PREPARAR POSTRE SABOR A VAINILLA,774014,La muestra analizada no presenta particularidades desde el punto de vista quimico para los parametros analizados,,En condiciones,ROYAL,2024-08-20,6828/942,2025-12-31,08:38 L3 348/1,200 g
127833,PURÉ DE PAPAS INSTANTÁNEO,774011,La muestra analizada no presenta particularidades desde el punto de vista quimico para los parametros analizados,,En condiciones,PRECIO LÍDER,2024-08-20,4463/2808,2025-02-25,192,125 g
127832,Polvo para preparar postre tipo flan sin huevo sabor dulce de leche,774016,La muestra analizada no presenta particularidades desde el punto de vista quimico para los parametros analizados,,En condiciones,PRECIO LÍDER,2024-08-20,4463/2870,2026-04-29,12806,120 g
127832,Premezcla para preparar Muffin sabor Vainilla,774012,La muestra analizada no presenta particularidades desde el punto de vista quimico para los parametros analizados,,En condiciones,FLEISCHMANN,2024-08-20,185/462,2025-02-26,2402291,500 gr
127831,PURE DE ZAPALLO INSTANTANEO,774010,La muestra analizada no presenta particularidades desde el punto de vista quimico para los parametros analizados,,En condiciones,GOURMET,2024-08-19,750/358,2025-09-30,15042024 12:57,100 g
127831,Alimento deshidratado a base de papa - Puré de papas instantáneo. libre de gluten,774008,La muestra analizada no presenta particularidades desde el punto de vista quimico para los parametros analizados,,En condiciones,KNORR,2024-08-19,25538/102,2025-06-10,LK4 162 CR2 19:07,125 g
127831,PURE DE PAPAS INSTANTANEO,774007,Fuera de las condiciones reglamentarias,Digesto Departamental Volumen VI Título II Art. D974.2 y Resolución 3461/24 Art. 9. el registro del producto está vencido.,En condiciones,TIENDA INGLESA,2024-08-19,3106/5071,2025-04-01,179,125 g
127831,PURÉ DE PAPAS DESHIDRATADO,774006,La muestra analizada no presenta particularidades desde el punto de vista quimico para los parametros analizados,,En condiciones,RIO DE LA PLATA,2024-08-19,5529/1655,2025-02-25,170,125 g
127831,Puré de papa instantáneo -completo-,774009,Fuera de las condiciones reglamentarias,Decreto 297/004 (modifica Art. 30.1.14 del Decreto 315/994) Porcentaje de grasa en base seca superior al límite.,En condiciones,GOURMET,2024-08-19,750/492,2025-04-30,29072024,120 g
127830,MARGARINA,774005,La muestra analizada no presenta particularidades desde el punto de vista quimico para los parametros analizados,,En condiciones,24 DE OCTUBRE,2024-08-16,1544/17,2024-07-15,15/07/24 63,20 Kg
127830,MARGARINA,774003,La muestra analizada no presenta particularidades desde el punto de vista quimico para los parametros analizados,,En condiciones,BOVIGRAS,2024-08-16,1544/15,2025-03-16,190624,20 Kg
127830,MARGARINA,774004,La muestra analizada no presenta particularidades desde el punto de vista quimico para los parametros analizados,,En condiciones,24 DE OCTUBRE,2024-08-16,1544/16,2025-04-12,16/07/24 62,10 Kg
127788,Alimento lácteo a base de queso adicionado de vitamina A. D y ácido fólico. Libre de gluten.,773999,La muestra analizada no presenta particularidades desde el punto de vista quimico para los parametros analizados,,En condiciones,CASANCREM,2024-08-15,19271/1240,2024-09-30,2082051209,480 g
127788,QUESO PROCESADO CON QUESO DE CABRA PARA UNTAR,774000,La muestra analizada no presenta particularidades desde el punto de vista quimico para los parametros analizados,,En condiciones,PRESIDENT,2024-08-15,25285/23,2024-09-20,20 03 2024 0:80w 16:20:54  2,125 g
127788,QUESO FRESCO DE MUY ALTA HUMEDAD LIGHT REDUCIDO 25 % EN VALOR ENERGÉTICO Y 32 % EN GRASAS TOTALES,774001,Fuera de las condiciones reglamentarias,Digesto Departamental Volumen VI Título II Art. D974 y Art. 10 de la Resolución 4054/18 reglamentaria de dicho artículo. El registro del producto está vencido desde el 20/01/2022 y no fue renovado.,En condiciones,PHILADELPHIA,2024-08-15,6828/1368,2024-09-21,CC08524381 10:35,150 g
127788,REQUESON CREMOSO CON QUESO MOZZARELLA,773997,La muestra analizada no presenta particularidades desde el punto de vista quimico para los parametros analizados,,En condiciones,PRESIDENT,2024-08-15,25285/280,2024-09-20,240424,200 g
127788,Queso de muy alta humedad libre de gluten,773998,La muestra analizada no presenta particularidades desde el punto de vista quimico para los parametros analizados,,En condiciones,TA-TA,2024-08-15,18138/334,2024-09-27,24395,380 g
127788,Queso de muy alta humedad light libre de gluten - 40% reducido en grasas totales y un 35% en calorías comparado con queso crema regular,774002,La muestra analizada no presenta particularidades desde el punto de vista quimico para los parametros analizados,,En condiciones,TA-TA,2024-08-15,18138/370,2024-10-04,24406,380 g
127787,PASTA FRESCA RELLENA PASTEURIZADA Y ENVASADA EN ATMOSFERA CONTROLADA,773985,La muestra analizada no presenta particularidades desde el punto de vista quimico para los parametros analizados,,En condiciones,PRECIO LÍDER,2024-08-13,4463/1568,2024-09-26,210/0904,500g
127787,PASTA FRESCA CON HUEVO PASTEURIZADA Y ENVASADA EN ATMOSFERA MODIFICADA,773987,La muestra analizada no presenta particularidades desde el punto de vista quimico para los parametros analizados,,En condiciones,5 ESTRELLAS,2024-08-13,20485/10,2024-09-18,202/0841/IZ,500g
127787,Pasta fresca rellena de larga duración,773990,La muestra analizada no presenta particularidades desde el punto de vista quimico para los parametros analizados,,En condiciones,DEVOTO,2024-08-13,14216/40,2024-08-17,12/08/24,500g
127787,Pasta fresca pasteurizada envasada en atmósfera modificada rellena de ricota espinaca,773986,La muestra analizada no presenta particularidades desde el punto de vista quimico para los parametros analizados,,En condiciones,AVANTI,2024-08-13,2099/7,2024-09-14,24198,500g
127787,Pasta fresca de larga duración,773989,La muestra analizada no presenta particularidades desde el punto de vista quimico para los parametros analizados,,En condiciones,LA SPEZIA,2024-08-13,2097/10,2024-08-15,C4232220,500g
127787,Pasta fresca rellena de larga duración,773988,La muestra analizada no presenta particularidades desde el punto de vista quimico para los parametros analizados,,En condiciones,LA SPEZIA,2024-08-13,2097/3,2024-08-15,C4232220,100 unidades
127786,PASTA SECA CON CONDIMENTO SABOR ASADO,773980,La muestra analizada no presenta particularidades desde el punto de vista quimico para los parametros analizados,,En condiciones,LAS ACACIAS,2024-08-12,736/153,2025-03-21,B 08124M04 2 12:05,74.3 g
127785,PASTA DE HARINA DE TRIGO PRECOCIDA CON CONDIMENTO SABOR QUESO CHEDDAR,773983,Fuera de las condiciones reglamentarias,Decreto 117/006 Resolución GMC 46/03 Art. 3.5.1. El contenido de sodio determinado analíticamente supera en más del 20% al declarado en la información nutricional.,En condiciones,NISSIN,2024-08-12,11913/2805,2025-02-07,L 07.02.25 FI 19:36 4,69 g
127786,PASTA INSTANTANEA A BASE DE HARINA DE TRIGO PRECOCIDA CON CONDIMENTO SABOR A CAMARON,773981,La muestra analizada no presenta particularidades desde el punto de vista quimico para los parametros analizados,,En condiciones,NISSIN,2024-08-12,11913/2638,2025-06-07,EI 03:40 4,85 g
127785,PASTA DE HARINA DE TRIGO PRECOCIDA CON CONDIMENTO SABOR A CARNE,773982,Fuera de las condiciones reglamentarias,Decreto 117/006 Resolución GMC 46/03 Art. 3.5.1. El contenido de sodio determinado analíticamente supera en más del 20% al declarado en la información nutricional.,En condiciones,NISSIN,2024-08-12,11913/2261,2025-02-09,L 09.02.25 FI 07:18 2,68 g
127785,PASTA DE HARINA DE TRIGO PRECOCIDA CON CONDIMENTO SABOR A POLLO PICANTE,773984,La muestra analizada no presenta particularidades desde el punto de vista quimico para los parametros analizados,,En condiciones,NISSIN,2024-08-12,11913/2817,2025-05-05,05/05/25 EI 02:21 4,85 g
127786,PASTA SECA CON CONDIMENTO SABOR POLLO,773979,La muestra analizada no presenta particularidades desde el punto de vista quimico para los parametros analizados,,En condiciones,LAS ACACIAS,2024-08-12,736/149,2025-03-21,B 08124 M 041 15:05,74.3 g
127783,Pasta fresca pasteurizada envasada en atmósfera modificada rellena de queso,773977,La muestra analizada no presenta particularidades desde el punto de vista quimico para los parametros analizados,,En condiciones,AVANTI,2024-08-09,2099/15,24-10-03,24218,500g
127784,MARGARINA VEGETAL EXTRA LIGERA,773978,La muestra analizada no presenta particularidades desde el punto de vista quimico para los parametros analizados,,En condiciones,SADIA,2024-08-09,16331/153,2024-11-23,3644147,500 g
127780,PASTA CON PAPA DE LARGA DURACION,773962,La muestra analizada no presenta particularidades desde el punto de vista quimico para los parametros analizados,,En condiciones,LA MOLISANA,2024-08-08,4463/2261,2025-12-31,4121 CIV,500g
127781,PASTA PRECOCIDA CON CONDIMENTO SABOR A VEGETALES - INSTANTÁNEA,773970,La muestra analizada no presenta particularidades desde el punto de vista quimico para los parametros analizados,,En condiciones,EMIGRANTE,2024-08-08,4817/2698,2025-09-17,PRO: 18.03.2024,65 g
127778,MARGARINA EXTRA LIGERA,773968,La muestra analizada no presenta particularidades desde el punto de vista quimico para los parametros analizados,,En condiciones,SOYA,2024-08-08,5529/1651,2025-03-08,25 prod 08.03.24 04:24L 294360,250 g
127780,TALLARINES YEMA,773965,Fuera de las condiciones reglamentarias,Decreto 117/006 Resolución GMC 26/03 Art. 6.1. No figura denominación de venta del alimento. Art. 6.2.3. Se detecta presencia de conservador ácido sórbico no declarado en la lista de ingredientes.,En condiciones,-,2024-08-08,7117,2024-08-11,08/08/2024,528g
127779,PREMEZCLA PARA PREPARAR BIZCOCHUELO SABOR A CHOCOLATE LIBRE DE GLUTEN,773976,La muestra analizada no presenta particularidades desde el punto de vista quimico para los parametros analizados,,En condiciones,ARCOR,2024-08-08,1409/6806,2024-12-28,13:11 NTC,500 g
127779,Premezcla para preparar Bizcochuelo sabor a vainilla,773971,La muestra analizada no presenta particularidades desde el punto de vista quimico para los parametros analizados,,En condiciones,FLEISCHMANN,2024-08-08,185/459,2025-06-19,2406863,480 g
127780,PASTA FRESCA CON PAPA PASTEURIZADA Y ENVASADA EN ATMOSFERA MODIFICADA,773961,La muestra analizada no presenta particularidades desde el punto de vista quimico para los parametros analizados,,En condiciones,5 ESTRELLAS,2024-08-08,20485/5,2024-09-24,208/0813,800g
127782,Margarina extra-ligera,773966,La muestra analizada no presenta particularidades desde el punto de vista quimico para los parametros analizados,,En condiciones,ADORITA TROPICAL,2024-08-08,25451/10,2024-10-08,L74 124 12:38,250 g
127780,PASTA FRESCA DE LARGA DURACIÓN - GNOCCHI DE PAPA ¿ SIN GLUTEN,773963,La muestra analizada no presenta particularidades desde el punto de vista quimico para los parametros analizados,,En condiciones,EMIGRANTE,2024-08-08,4817/1914,2025-02-22,0824/24 22:18,500g
127779,MEZCLA PARA PREPARAR BROWNIES SABOR CHOCOLATE,773974,La muestra analizada no presenta particularidades desde el punto de vista quimico para los parametros analizados,,En condiciones,RECREO,2024-08-08,371/304,2025-04-30,L4 024/4,425 g
127779,Premezcla para preparar Bizcochuelo sabor a vainilla y chocolate,773973,La muestra analizada no presenta particularidades desde el punto de vista quimico para los parametros analizados,,En condiciones,FLEISCHMANN,2024-08-08,185/458,2025-07-30,240 70 35,480 g
127780,Pasta fresca pasteurizada,773960,La muestra analizada no presenta particularidades desde el punto de vista quimico para los parametros analizados,,En condiciones,PRECIO LÍDER,2024-08-08,4463/1569,2024-09-27,211/1554/IZ,500g
127779,Premezcla para preparar brownies sabor chocolate,773972,La muestra analizada no presenta particularidades desde el punto de vista quimico para los parametros analizados,,En condiciones,FLEISCHMANN,2024-08-08,185/460,2025-02-26,2402293,450 g
127782,Margarina Ligera,773967,La muestra analizada no presenta particularidades desde el punto de vista quimico para los parametros analizados,,En condiciones,QUALY,2024-08-08,16331/425,2024-11-04,2024-11-04,250 g
127780,PASTA CON PAPA DE LARGA DURACIÓN SIN GLUTEN,773964,La muestra analizada no presenta particularidades desde el punto de vista quimico para los parametros analizados,,En condiciones,LAS ACACIAS,2024-08-08,736/86,2025-01-29,23633,400g
127781,PASTA PRECOCIDA CON CONDIMENTO SABOR A POLLO - INSTANTÁNEA,773969,La muestra analizada no presenta particularidades desde el punto de vista quimico para los parametros analizados,,En condiciones,EMIGRANTE,2024-08-08,4817/2699,2025-04-19,PRO: 20.10.2023,65 g
127779,PREMEZCLA PARA PREPARAR POSTRE TIPO BROWNIE SABOR A CHOCOLATE LIBRE DE GLUTEN,773975,La muestra analizada no presenta particularidades desde el punto de vista quimico para los parametros analizados,,En condiciones,ARCOR,2024-08-08,1409/7840,2025-02-28,28 02 25 19:34,425 g
127811,PASTA A BASE DE HARINA DE TRIGO PRECOCIDA CON CONDIMENTO SABOR A VERDURAS,773952,La muestra analizada no presenta particularidades desde el punto de vista quimico para los parametros analizados,,En condiciones,NISSIN,2024-08-06,11913/2135,2025-05-05,I 15:28 4,85 g
127811,PASTA DE HARINA DE TRIGO PRECOCIDA CON CONDIMENTO SABOR A CARNE,773953,Fuera de las condiciones reglamentarias,Decreto 117/006 Resolución GMC 46/03 Art.3.5.1. El contenido de sodio dterminado analíticamente supera en más del 20% al declarado en la información nutricional.,En condiciones,NISSIN,2024-08-06,11913/2134,2025-06-09,I 14:08 1,85 g
127811,PASTA DE HARINA DE TRIGO PRECOCIDA CON CONDIMENTO SABOR A VERDURAS,773950,La muestra analizada no presenta particularidades desde el punto de vista quimico para los parametros analizados,,En condiciones,NISSIN,2024-08-06,11913/2262,2025-02-07,L 07.02.25 FI 10:07 3,67 g
127811,PASTA DE HARINA DE TRIGO PRECOCIDA CON CONDIMENTO SABOR A POLLO PICANTE,773951,Fuera de las condiciones reglamentarias,Decreto 117/006 Resolución GMC 46/03 Art. 3.5.1. El contenido de sodio determinado analíticamente supera en más de 20% al declarado en la información nutricional.,En condiciones,NISSIN,2024-08-06,11913/2537,2025-06-12,L 12.06.25 FI 20:05 4,68 g
127810,POLVO PARA PREPARAR BUDIN SABOR CHOCOLATE,773948,La muestra analizada no presenta particularidades desde el punto de vista quimico para los parametros analizados,,En condiciones,RENATA,2024-08-05,20588/1780,2025-03-22,22/MAR/25 R1,400 g
127810,PREMEZCLA PARA PREPARAR BIZCOCHUELO SABOR A VAINILLA LIBRE DE GLUTEN,773947,La muestra analizada no presenta particularidades desde el punto de vista quimico para los parametros analizados,,En condiciones,ARCOR,2024-08-05,1409/6805,2024-11-08,08 11 24 15:16 NTC,500 g
127810,POLVO PARA PREPARAR POSTRE SABOR CHOCOLATE,773949,La muestra analizada no presenta particularidades desde el punto de vista quimico para los parametros analizados,,En condiciones,ROYARINA,2024-08-05,6828/358,2026-03-31,L 4 068/1,77 g
127810,POLVO PARA PREPARAR BIZCOCHUELO SABOR CHOCOLATE LIBRE DE GLUTEN,773944,La muestra analizada no presenta particularidades desde el punto de vista quimico para los parametros analizados,,En condiciones,HORNEX,2024-08-05,1436/54,2025-11-30,2405647,500 g
127810,Polvo para preparar torta sabor naranja,773946,La muestra analizada no presenta particularidades desde el punto de vista quimico para los parametros analizados,,En condiciones,LAS ACACIAS,2024-08-05,736/110,2024-09-30,L:01 04:2308,400 g
127810,POLVO PARA PREPARAR TORTA SABOR A CHOCOLATE,773945,La muestra analizada no presenta particularidades desde el punto de vista quimico para los parametros analizados,,En condiciones,ROYAL,2024-08-05,6828/1605,2025-03-20,L 45080 11  15,500 g
127769,YERBA MATE ELABORADA EXTRA. TIPO PU1,773941,La muestra analizada no presenta particularidades desde el punto de vista quimico para los parametros analizados,,En condiciones,VALLE DEL SOL,2024-08-01,3106/14825,2026-04-15,017/2024,1Kg
127769,Yerba mate elaborada con sabor a limon,773935,La muestra analizada no presenta particularidades desde el punto de vista quimico para los parametros analizados,,En condiciones,LA SELVA,2024-08-01,1892/925,2025-06-24,24/06/2024 13:03,1Kg
127769,YERBA MATE ELABORADA SUPER EXTRA,773940,La muestra analizada no presenta particularidades desde el punto de vista quimico para los parametros analizados,,En condiciones,LIBRE,2024-08-01,18029/132,2026-03-31,07/2024,1Kg
127769,YERBA MATE ELABORADA NATIVA MOLIENDA ARTESANAL,773936,Fuera de las condiciones reglamentarias,Digesto Departamental Volumen VI Título II Art. D974. El producto no está registrado en el SRA.,En condiciones,SANTA,2024-08-01,No posee registro,2026-03-31,12/04/2024,500g
127769,YERBA MATE ELABORADA,773937,La muestra analizada no presenta particularidades desde el punto de vista quimico para los parametros analizados,,En condiciones,BALDO,2024-08-01,528/40,2026-06-28,210624-BME4,1Kg
127769,yerba mate elaborada de primera calidad,773938,La muestra analizada no presenta particularidades desde el punto de vista quimico para los parametros analizados,,En condiciones,CABRAL,2024-08-01,33246/1,2026-06-17,0624.1/1. 2-24,1Kg
127769,YERBA MATE ELABORADA EXTRA,773939,La muestra analizada no presenta particularidades desde el punto de vista quimico para los parametros analizados,,En condiciones,TIENDA INGLESA,2024-08-01,3106/15083,2026-04-15,013/2024,1Kg
127767,MERMELADA DE NARANJA Y MARACUYÁ DIETÉTICA. 0% AZÚCARES AGREGADOS. 80% REDUCIDA EN CALORÍAS. CON FIBRAS. ALIMENTO DIETÉTICO ADICIONADO DE VITAMINA C. LIBRE DE GLUTEN,773930,La muestra analizada no presenta particularidades desde el punto de vista quimico para los parametros analizados,,En condiciones,LOS NIETITOS,2024-07-31,7795/434,2025-05-07,T08 13:56 A50110,340 g
127767,MERMELADA DE ARANDANO LIGHT. 40% REDUCIDA EN CALORIAS. LIBRE DE GLUTEN,773929,Fuera de las condiciones reglamentarias,Digesto Departamental Volumen VI Título II Art. D974.2 y Resolución 4054/018 Art. 10. El registro del producto está vencido.,En condiciones,LOS NIETITOS,2024-07-31,7795/367,2025-05-20,T22 10:49 SLSC 0375,350 g
127767,MERMELADA DE ARANDANOS SIN GLUTEN,773928,La muestra analizada no presenta particularidades desde el punto de vista quimico para los parametros analizados,,En condiciones,TIENDA INGLESA,2024-07-31,3106/811,2025-05-22,R1 05017,500 g
127767,MERMELADA DE FRUTILLA SIN GLUTEN,773927,La muestra analizada no presenta particularidades desde el punto de vista quimico para los parametros analizados,,En condiciones,TIENDA INGLESA,2024-07-31,3106/810,2025-04-04,R1 04015,500 g
127767,PASTA DE GROSELLAS NEGRAS SIN GLUTEN,773932,La muestra analizada no presenta particularidades desde el punto de vista quimico para los parametros analizados,,En condiciones,ST. DALFOUR,2024-07-31,22160/1042,2027-02-20,044/24/11:49,284 g
127767,PASTA DE DURAZNOS SIN GLUTEN,773934,La muestra analizada no presenta particularidades desde el punto de vista quimico para los parametros analizados,Decreto 117/006 Resolución GMC 26/03 Art. 4 y 5. No presenta información obligatoria en idioma español.,En condiciones,ST. DALFOUR,2024-07-31,22160/1045,2027-04-09,NO PRESENTA,284 g
127767,PASTA DE 4 FRUTOS SIN GLUTEN,773933,Fuera de las condiciones reglamentarias,Decreto 117/006 Resolución GMC 26/03 Art. 4 y 5. No presenta información obligatoria en idioma español.,En condiciones,ST. DALFOUR,2024-07-31,22160/1040,2027-04-09,NO PRESENTA,284 g
127767,PASTA DE FRUTOS DEL BOSQUE SIN GLUTEN,773931,La muestra analizada no presenta particularidades desde el punto de vista quimico para los parametros analizados,,En condiciones,JEAN FRANCOIS,2024-07-31,22160/451,2027-02-27,050/24/23:44,325 g
127802,Caldo deshidratado de gallina,773925,La muestra analizada no presenta particularidades desde el punto de vista quimico para los parametros analizados,,En condiciones,APTI,2024-07-30,18211/1297,2025-05-20,LC 141,114 g
127802,Caldo de verduras deshidratado,773924,La muestra analizada no presenta particularidades desde el punto de vista quimico para los parametros analizados,,En condiciones,KNORR,2024-07-30,25538/979,2024-10-08,LK 3282 LG1 13:43,114 g
127802,Caldo deshidratado de costilla,773926,La muestra analizada no presenta particularidades desde el punto de vista quimico para los parametros analizados,,En condiciones,APTI,2024-07-30,18211/1672,2025-06-25,LC 177,114 g
127802,CALDO DE POLLO DESHIDRATADO,773921,La muestra analizada no presenta particularidades desde el punto de vista quimico para los parametros analizados,,En condiciones,MONTE CUDINE,2024-07-30,1710/159,2025-08-08,010524,36 g
127802,SOPA INSTANTANEA CALABAZA LIGHT. SOPA DESHIDRATADA DE CALORIAS REDUCIDAS,773922,La muestra analizada no presenta particularidades desde el punto de vista quimico para los parametros analizados,,En condiciones,MONTE CUDINE,2024-07-30,1710/219,2025-07-07,L010224,40 g
127801,Alfajor relleno de dulce de leche con baño de repostería blanco,773917,La muestra analizada no presenta particularidades desde el punto de vista quimico para los parametros analizados,,En condiciones,PUNTA BALLENA,2024-07-29,1645/642,2024-09-03,Lt:1924 h.15:22 L4,150 g
127801,ALFAJOR RELLENO CON DULCE DE LECHE CON COBERTURA SABOR CHOCOLATE,773915,La muestra analizada no presenta particularidades desde el punto de vista quimico para los parametros analizados,,En condiciones,PORTEZUELO,2024-07-29,12/423,2024-10-19,L173 T9 12:02:58,150 g
127801,ALFAJOR RELLENO CON DULCE DE LECHE CON BAÑO DE REPOSTERÍA,773920,La muestra analizada no presenta particularidades desde el punto de vista quimico para los parametros analizados,,En condiciones,TERRABUSI,2024-07-29,6828/85,2024-10-06,PP1272482 14:18 M33,300g (6 u de 50 g c/u)
127801,Alfajor Relleno con Mousse sabor Menta Cubierto con Cobertura sabor Chocolate,773916,La muestra analizada no presenta particularidades desde el punto de vista quimico para los parametros analizados,,En condiciones,PORTEZUELO,2024-07-29,12/560,2024-11-29,L 094 M8 09:15:53,120g (6 u de 20g c/u)
127801,Alfajor relleno de dulce de leche con cobertura sabor chocolate,773918,La muestra analizada no presenta particularidades desde el punto de vista quimico para los parametros analizados,,En condiciones,PUNTA BALLENA,2024-07-29,1645/139,2024-10-02,2014/2 H 15:23,8 u de 65 g c/u
127801,Alfajor relleno de dulce de leche con cobertura sabor chocolate,773919,La muestra analizada no presenta particularidades desde el punto de vista quimico para los parametros analizados,,En condiciones,CHICHE,2024-07-29,1645/118,2024-09-18,1874/3 H16:34,16 u de 25g c/u
127746,SOPA DESHIDRATADA POLLO CON FIDEO,773912,Fuera de las condiciones reglamentarias,Digesto Departamental Volumen VI Título II Art. D974. Producto no registrado en el SRA.,En condiciones,MAGGI,2024-07-26,No posee registro,2025-05-31,40530079M2 06:46,70 g
127747,YERBA MATE ELABORADA,773913,Fuera de las condiciones reglamentarias,Decreto 117/006 Resolución GMC 26/03 Art. 6.4.1. La dirección de la empresa que figura en el rótulo corresponde a un local cerrado.,En condiciones,LA BAGUALA,2024-07-26,19529/57,2026-06-30,13 2024,1 Kg
127748,YERBA MATE ELABORADA,773914,Fuera de las condiciones reglamentarias,Decreto 117/006 Resolución GMC 26/03 Art. 6.4.1. La dirección de la empresa que figura en el rótulo corresponde a un local cerrado.,En condiciones,LA BAGUALA,2024-07-26,19529/59,2026-06-30,13 2024,1Kg
127742,AGUA MINERAL NATURAL SIN GAS,773910,La muestra analizada no presenta particularidades desde el punto de vista quimico para los parametros analizados,,En condiciones,SIRTE,2024-07-25,4364/10,2025-01-21,L24204 13:26,2.25 L
127758,YERBA MATE,773905,La muestra analizada no presenta particularidades desde el punto de vista quimico para los parametros analizados,,En condiciones,CANARIAS,2024-07-25,528/1,2026-06-28,280624 CAN41639,1Kg
127743,AGUA MINERAL CON GAS,773908,La muestra analizada no presenta particularidades desde el punto de vista quimico para los parametros analizados,,En condiciones,CASCADA,2024-07-25,320/2,2025-01-12,16 07 24 10/34,1 L
127743,AGUA MINERAL SIN GAS,773909,Fuera de las condiciones reglamentarias,Digesto Departamental Volumen VI Título II Art. D974.2 y Resolución 3461/24 Art. 9. La habilitación del producto está vencida. Decreto 117/006 Resolución GMC 26/03 Art. 6.4.1. El número de registro que figura en el rótulo no es el correspondiente al producto.,En condiciones,CASCADA,2024-07-25,320/3,2025-01-11,15 07 24 11/39,980 mL
127757,SODA,773906,La muestra analizada no presenta particularidades desde el punto de vista quimico para los parametros analizados,,En condiciones,CISMAR,2024-07-25,1041/1,2024-09-24,ELAB:24/07/24 09:27,1.4 L
127757,Agua de mesa,773907,La muestra analizada no presenta particularidades desde el punto de vista quimico para los parametros analizados,,En condiciones,VILLA DEL ROSARIO,2024-07-25,1041/2,24-09-23,ELAB:24/07/24 08:00,12 L
127758,Yerba Mate Elaborada,773902,La muestra analizada no presenta particularidades desde el punto de vista quimico para los parametros analizados,,En condiciones,CONTIGO,2024-07-25,528/69,2026-04-28,250424-CON3,500g
127758,Yerba mate elaborada Extra Suave (SIN GLUTEN),773903,La muestra analizada no presenta particularidades desde el punto de vista quimico para los parametros analizados,,En condiciones,SARA,2024-07-25,9809/453,2026-06-15,132A,1 Kg +100 g
127758,Yerba mate elaborada Tradicional (SIN GLUTEN),773904,La muestra analizada no presenta particularidades desde el punto de vista quimico para los parametros analizados,,En condiciones,SARA,2024-07-25,9809/452,2026-05-20,131R,1 Kg
127742,AGUA MINERAL NATURAL CON GAS,773911,La muestra analizada no presenta particularidades desde el punto de vista quimico para los parametros analizados,,En condiciones,SIRTE,2024-07-25,4364/9,2025-01-21,L24204 11:08,2.25 L
127758,Yerba mate elaborada orgánica,773901,La muestra analizada no presenta particularidades desde el punto de vista quimico para los parametros analizados,,En condiciones,TERRA VERDE,2024-07-25,26508/37,2025-10-31,162,1Kg
127756,MERMELADA DE CIRUELA. SIN GLUTEN,773898,La muestra analizada no presenta particularidades desde el punto de vista quimico para los parametros analizados,,En condiciones,TIENDA INGLESA,2024-07-24,3106/813,2025-05-22,R105015,500 g
127756,DULCE DE GUAYABA. LIbre de gluten,773894,La muestra analizada no presenta particularidades desde el punto de vista quimico para los parametros analizados,,En condiciones,PREDILECTA,2024-07-24,12266/155,2025-06-30,L052,400 g
127756,DULCE DE BATATA DIETÉTICO. 0% AZÚCARES AGREGADOS. 80% REDUCIDO EN CALORÍAS COMPARADO CON NUESTRO PRODUCTO REGULAR. CON FIBRAS. ALIMENTO DIETÉTICO ADICIONADO CON VITAMINA C. LIBRE DE GLUTEN,773895,La muestra analizada no presenta particularidades desde el punto de vista quimico para los parametros analizados,,En condiciones,LOS NIETITOS,2024-07-24,7795/341,2025-01-03,T03 11:56 VF 2536,250 g
127756,DULCE DE MEMBRILLO LIBRE DE GLUTEN,773896,La muestra analizada no presenta particularidades desde el punto de vista quimico para los parametros analizados,,En condiciones,LOS NIETITOS,2024-07-24,7795/35,2025-05-31,T06 14:07 VF 1550,500 g
127756,DULCE DE ZAPALLO.,773897,La muestra analizada no presenta particularidades desde el punto de vista quimico para los parametros analizados,,En condiciones,LOS NIETITOS,2024-07-24,7795/29,2024-11-01,04 11:20 NV1425,400 g
127756,MERMELADA DE FRUTOS DEL BOSQUE SIN GLUTEN,773900,La muestra analizada no presenta particularidades desde el punto de vista quimico para los parametros analizados,,En condiciones,TIENDA INGLESA,2024-07-24,3106/812,2025-06-19,R1 06042,500 g
127756,MERMELADA DE DURAZNO SIN GLUTEN,773899,La muestra analizada no presenta particularidades desde el punto de vista quimico para los parametros analizados,,En condiciones,TIENDA INGLESA,2024-07-24,3106/809,2025-05-17,R1 05006,500 g
127756,PASTA DE GUAYABA SIN AZÚCARES AGREGADOS,773893,Fuera de las condiciones reglamentarias,Digesto Departamental Volumen VI Título II Art. D974.2 y Resolución 4054/18 Art. 10. El registro del producto está vencido.,En condiciones,DACOLONIA,2024-07-24,12266/287,2024-11-25,0124,200 g
127736,Sopa de vegetales deshidratada instantánea,773891,Fuera de las condiciones reglamentarias,Decretos 272/018 y 34/021. De acuerdo a lo declarado en la información nutricional y al resultado analítico debe presentar rotulado frontal por exceso de sodio.,Fuera de condiciones,KNORR,2024-07-23,25538/1325,2025-06-12,K4079 NVK 03:59,59.5 g
127736,SOPA DESHIDRATADA DE CALORÍAS REDUCIDAS,773889,La muestra analizada no presenta particularidades desde el punto de vista quimico para los parametros analizados,,En condiciones,MONTE CUDINE,2024-07-23,1710/155,2025-03-03,L011223,45.2 g
127736,SOPA DESHIDRATADA REDUCIDA EN SODIO,773890,La muestra analizada no presenta particularidades desde el punto de vista quimico para los parametros analizados,,En condiciones,MONTE CUDINE,2024-07-23,1710/238,2025-07-07,010624,60 g
127736,SOPA DE VERDURAS SIN SAL AGREGADA,773888,La muestra analizada no presenta particularidades desde el punto de vista quimico para los parametros analizados,,En condiciones,GOURMET,2024-07-23,750/361,2025-10-29,290 424 2048 006026,1 L
127736,Sopa de zanahoria deshidratada instantánea,773892,La muestra analizada no presenta particularidades desde el punto de vista quimico para los parametros analizados,,En condiciones,KNORR,2024-07-23,25538/1324,2025-02-28,DI 4059,65 g
127734,AGUA MINERAL NATURAL SIN GAS,773881,La muestra analizada no presenta particularidades desde el punto de vista quimico para los parametros analizados,,En condiciones,VALLE DEL SOL,2024-07-19,3106/944,2025-01-20,E:20/06/24 10:11,2 L
127734,AGUA MINERAL NATURAL CON GAS,773880,La muestra analizada no presenta particularidades desde el punto de vista quimico para los parametros analizados,,En condiciones,VALLE DEL SOL,2024-07-19,3106/943,2024-12-21,E:21/05/24 09:52,2 L
126342,PASTA DE FRUTILLA LIBRE DE GLUTEN,773875,La muestra analizada no presenta particularidades desde el punto de vista quimico para los parametros analizados,,En condiciones,SCHWARTAU,2024-07-17,4463/1045,2025-02-02,02.02.2025 07:09,340 g
126343,YERBA MATE ELABORADA - Sin Gluten,773868,La muestra analizada no presenta particularidades desde el punto de vista quimico para los parametros analizados,,En condiciones,CANARIAS,2024-07-17,528/50,2026-04-28,08 0424-CAE 4,1Kg
126342,DULCE DE MEMBRILLO,773870,Fuera de las condiciones reglamentarias,,En condiciones,GRANJA LIMAY,2024-07-17,9075/65,2025-06-10,R1 06014,500 g
126343,YERBA MATE ELABORADA - 1a Calidad,773867,La muestra analizada no presenta particularidades desde el punto de vista quimico para los parametros analizados,,En condiciones,FLOR VERDE,2024-07-17,12266/19,2026-04-30,0082,1Kg
126342,DULCE DE MEMBRILLO,773872,Fuera de las condiciones reglamentarias,Decreto 117/006 resolución GMC 26/03 Art. 6.2.3. Se detecta colorante no declarado en la lista de ingredientes.,En condiciones,RINCON DEL GIGANTE,2024-07-17,25227/1,2025-04-13,110.4,900 g
127733,AGUA DE MESA CON GAS,773878,La muestra analizada no presenta particularidades desde el punto de vista quimico para los parametros analizados,,En condiciones,BENEDICTINO,2024-07-17,485/168,2024-09-23,CS727MAR240649,2.25 L
127733,AGUA MINERAL SIN GAS,773879,La muestra analizada no presenta particularidades desde el punto de vista quimico para los parametros analizados,,En condiciones,EL DORADO,2024-07-17,19726/42,2025-02-01,E:01/07/24,6.25 L
126342,Dulce de Zapallo,773871,Fuera de las condiciones reglamentarias,,En condiciones,RINCON DEL GIGANTE,2024-07-17,25227/13,2025-04-05,096.4,900 g
126342,DULCE DE BATATA,773873,La muestra analizada no presenta particularidades desde el punto de vista quimico para los parametros analizados,,En condiciones,GRANJA LIMAY,2024-07-17,9075/66,25-06-25,R 1 06066,350 g
126343,YERBA MATE ELABORADA,773866,La muestra analizada no presenta particularidades desde el punto de vista quimico para los parametros analizados,,En condiciones,FLOR VERDE,2024-07-17,12266/93,2026-04-30,0082,1Kg
126342,MERMELADA DE HIGO,773874,Fuera de las condiciones reglamentarias,Decreto 476/001 Art. 1 (modificativo del Art. 19.3.60 del Decreto 315/994). El contenido en sólidos solubles refratométricos es inferior al mínimo establecido.,En condiciones,RINCON DEL GIGANTE,2024-07-17,25227/23,2025-06-19,174 4,425 g
126343,YERBA MATE ELABORADA CON PALO,773869,La muestra analizada no presenta particularidades desde el punto de vista quimico para los parametros analizados,,En condiciones,TARAGÜI,2024-07-17,11913/1080,2026-08-30,19523 1 72009 12:06,500g
126342,MERMELADA DIETÉTICA DE HIGO,773877,Fuera de las condiciones reglamentarias,,En condiciones,RINCON DEL GIGANTE,2024-07-17,25227/35,2024-12-14,169.4,340 g
126342,Mermelada de Frutillas,773876,Fuera de las condiciones reglamentarias,Decreto 117/006 Resolución GMC 26/03 Art. 6.2.3. Presenta aditivo (colorante INS 129) no declarado en la lista de ingredientes. Decreto 476/001 Art. 1 (modificativo del art. 19.3.60 del decreto 315/994). Contenido de sólidos solubles refractométricos inferior al mínimo establecido.,En condiciones,RINCON DEL GIGANTE,2024-07-17,25227/10,2025-06-27,182.4,250 g
126343,Yerba Mate elaborada orgánica,773865,La muestra analizada no presenta particularidades desde el punto de vista quimico para los parametros analizados,,En condiciones,CAMPO CLARO,2024-07-17,8345/1496,,028/2024,1Kg
126341,Sopa crema de cebolla deshidratada,773858,La muestra analizada no presenta particularidades desde el punto de vista quimico para los parametros analizados,,En condiciones,KNORR,2024-07-16,25538/1214,2024-09-22,K3 181 LAU 02:41 2,65 g
126341,SOPA DE CALABAZA LIGHT SIN SAL AGREGADA REDUCIDA 27% EN CALORÍAS RESPECTO A SOPA DE CALABAZA GOURMET,773864,La muestra analizada no presenta particularidades desde el punto de vista quimico para los parametros analizados,,En condiciones,GOURMET,2024-07-16,750/387,2025-10-29,290424 0914 005516,1 L
126341,Sopa de pollo con fideos cabello de ángel deshidratada,773861,La muestra analizada no presenta particularidades desde el punto de vista quimico para los parametros analizados,,En condiciones,KNORR,2024-07-16,25538/1315,2025-07-13,K4080 M260 07:26 2,105.6 g
126341,SOPA DESHIDRATADA,773862,La muestra analizada no presenta particularidades desde el punto de vista quimico para los parametros analizados,,En condiciones,MONTE CUDINE,2024-07-16,1710/144,2025-07-07,010324 25,67 g
126341,SOPA DE CALABAZA SIN SAL AGREGADA,773863,La muestra analizada no presenta particularidades desde el punto de vista quimico para los parametros analizados,,En condiciones,GOURMET,2024-07-16,750/389,2025-10-29,290424 1137 007334,1 L
126341,Sopa de vegetales con fideos de letras de vegetales deshidratada,773859,La muestra analizada no presenta particularidades desde el punto de vista quimico para los parametros analizados,,En condiciones,KNORR,2024-07-16,25538/1321,2025-06-28,K 4065 M260 03:47 2,107.5 g
126341,Sopa crema de vegetales deshidratada,773860,La muestra analizada no presenta particularidades desde el punto de vista quimico para los parametros analizados,,En condiciones,KNORR,2024-07-16,25538/1304,2025-06-09,K4 076 LAU 04:50 1,60 g
126340,ALFAJOR CON RELLENO TIPO MOUSSE DE CHOCOLATE CON COBERTURA DE CHOCOLATE BLANCO,773854,La muestra analizada no presenta particularidades desde el punto de vista quimico para los parametros analizados,,En condiciones,MILKA,2024-07-15,6828/973,2025-01-25,PP 02624101 08:44 M17,55 g
126340,ALFAJOR DE TRES TAPAS RELLENO CON SABOR A VAINILLA CON BAÑO DE REPOSTERÍA,773857,La muestra analizada no presenta particularidades desde el punto de vista quimico para los parametros analizados,,En condiciones,OREO,2024-07-15,6828/1163,2024-10-31,PP 12124081,56 g
126340,ALFAJOR CON RELLENO TIPO MOUSSE Y MANI CON COBERTURA DE CHOCOLATE CON LECHE,773853,La muestra analizada no presenta particularidades desde el punto de vista quimico para los parametros analizados,,En condiciones,SHOT,2024-07-15,6828/579,2025-01-08,PP 00924102 15:55 M15,60g
126340,ALFAJOR RELLENO CON DULCE DE LECHE CON BAÑO DE REPOSTERÍA,773852,La muestra analizada no presenta particularidades desde el punto de vista quimico para los parametros analizados,,En condiciones,TERRABUSI,2024-07-15,6828/1590,2024-10-06,PP12724082 19:00 M3,50 g
126340,ALFAJOR CON DULCE DE LECHE CON COBERTURA DE CHOCOLATE CON LECHE,773855,La muestra analizada no presenta particularidades desde el punto de vista quimico para los parametros analizados,,En condiciones,MILKA,2024-07-15,6828/574,2024-09-20,PP 11124081 10:23 M01,70 g
126340,ALFAJOR RELLENO CON DULCE DE LECHE CON COBERTURA SABOR CHOCOLATE,773856,La muestra analizada no presenta particularidades desde el punto de vista quimico para los parametros analizados,,En condiciones,PORTEZUELO,2024-07-15,12/96,2024-09-26,L 180 E3 09:30:47,60 g
126339,AGUA MINERAL NATURAL CON GAS,773851,La muestra analizada no presenta particularidades desde el punto de vista quimico para los parametros analizados,,En condiciones,ESENCIAL,2024-07-12,19726/1,2024-10-07,E:07/03/24 09:13,2 L
126337,Agua de mesa con gas,773850,Fuera de las condiciones reglamentarias,Decreto 117/006 Resolución GMC 26/03 Art. 6.4.1. En el rótulo no figura el número de registro del elaborador en el SRA.,En condiciones,SODA EL CANTARO,2024-07-12,30006/1,,,1.5 L
127694,ANIS,773848,La muestra analizada no presenta particularidades desde el punto de vista quimico para los parametros analizados,,En condiciones,MONTE CUDINE,2024-07-11,1710/4,2025-10-10,010424,25 g
127694,Curcuma,773849,La muestra analizada no presenta particularidades desde el punto de vista quimico para los parametros analizados,,En condiciones,DEL GAUCHO,2024-07-11,1622/411,2026-03-31,2026-03-31,250 g
127694,ROMERO,773845,Fuera de las condiciones reglamentarias,Digesto Departamental Volumen IV Titulo II Art. D974 y Art. 10 de la Resolución 4054/18 reglamentaria de dicho artículo. El registro del producto está vencido desde el 16/03/2022 y no fue renovado.,En condiciones,DEL GAUCHO,2024-07-11,1622/230,2025-09-30,L1,30 g
127694,SAZÓN -COMPLETA-,773847,La muestra analizada no presenta particularidades desde el punto de vista quimico para los parametros analizados,,En condiciones,BADIA,2024-07-11,19672/218,2028-07-31,298919,99.2 g
127694,TOMILLO,773844,La muestra analizada no presenta particularidades desde el punto de vista quimico para los parametros analizados,,En condiciones,DEL GAUCHO,2024-07-11,1622/520,2026-04-15,L11,30 g
127694,CANELA MOLIDA,773843,La muestra analizada no presenta particularidades desde el punto de vista quimico para los parametros analizados,,En condiciones,MONTE CUDINE,2024-07-11,1710/145,2025-09-09,010324,40 g
127694,estragon orgánico,773846,La muestra analizada no presenta particularidades desde el punto de vista quimico para los parametros analizados,,En condiciones,CAMPO CLARO,2024-07-11,16946/2,2026-03-05,LO E 01 24,10 g
127691,MERMELADA DE FRUTILLA DIETÉTICA,773841,Fuera de las condiciones reglamentarias,Digesto Departamental Volumen VI Título II Art. D974. El producto no está registrado en el SRA.,En condiciones,PRECIO LÍDER,2024-07-10,No posee registro,2024-12-14,R1 06029,400 g
127691,MERMELADA DE FRUTILLA DIETÉTICA,773838,Fuera de las condiciones reglamentarias,Digesto Departamental Volumen VI Título II Art. D974.2 y Resolución 4054/018 Art. 10. El registro del producto está vencido.,En condiciones,GRANJA LIMAY,2024-07-10,9075/119,2025-04-08,R2 04 011,360 g
127693,Sopa crema de espárragos deshidratada,773833,La muestra analizada no presenta particularidades desde el punto de vista quimico para los parametros analizados,,En condiciones,MAGGI,2024-07-10,49/1584,2024-09-30,3163007904,68 g
127693,CALDO SABOR A CARNE DESHIDRATADO,773828,La muestra analizada no presenta particularidades desde el punto de vista quimico para los parametros analizados,,En condiciones,MAGGI,2024-07-10,49/48,2024-10-01,3338122811,152 g
127691,MERMELADA DE DURAZNO LIBRE DE GLUTEN,773840,La muestra analizada no presenta particularidades desde el punto de vista quimico para los parametros analizados,,En condiciones,PRECIO LÍDER,2024-07-10,4463/2820,2025-05-28,R1 05029,500 g
127692,SOPA CREMA DE ARVEJAS CON JAMON,773842,La muestra analizada no presenta particularidades desde el punto de vista quimico para los parametros analizados,,En condiciones,MONTE CUDINE,2024-07-10,1710/141,2025-05-05,01032408,65 g
127691,Mermelada orgánica de durazno,773834,La muestra analizada no presenta particularidades desde el punto de vista quimico para los parametros analizados,,En condiciones,CAMPO CLARO,2024-07-10,8345/611,2027-01-30,300 124,270 g
127691,MERMELADA DE DURAZNO,773839,Fuera de las condiciones reglamentarias,Digesto Departamental Volumen VI Título II Art. D974. El producto no está registrado en el SRA.,En condiciones,PEQUEÑA GRANJA,2024-07-10,No posee registro,2025-02-16,160224,500 g
127691,MERMELADA ORGANICA DE HIGO,773835,La muestra analizada no presenta particularidades desde el punto de vista quimico para los parametros analizados,,En condiciones,CAMPO CLARO,2024-07-10,8345/608,2026-02-26,260224,270 g
127693,Caldo de verduras deshidratado,773830,La muestra analizada no presenta particularidades desde el punto de vista quimico para los parametros analizados,,En condiciones,KNORR,2024-07-10,25538/979,2024-10-08,LK 3282 LG2 11:48,114 g
127693,CALDO SABOR A GALLINA DESHIDRATADO,773831,La muestra analizada no presenta particularidades desde el punto de vista quimico para los parametros analizados,,En condiciones,MAGGI,2024-07-10,49/47,2024-09-01,3185122811,152 g
127691,PASTA DE FRESA. FRAMBUESA Y ARÁNDANO SIN ADICIÓN DE AZÚCARES LIBRE DE GLUTEN,773837,La muestra analizada no presenta particularidades desde el punto de vista quimico para los parametros analizados,,En condiciones,HELIOS,2024-07-10,11913/2877,2026-10-25,L231025,280 g
127691,PASTA DE PIÑA SIN ADICIÓN DE AZÚCARES LIBRE DE GLUTEN,773836,La muestra analizada no presenta particularidades desde el punto de vista quimico para los parametros analizados,,En condiciones,HELIOS,2024-07-10,11913/2879,2025-10-14,L 22 10 14,280 g
127693,Caldo de verduras deshidratado,773829,La muestra analizada no presenta particularidades desde el punto de vista quimico para los parametros analizados,,En condiciones,MAGGI,2024-07-10,49/151,2025-04-01,41011228,114 g
127693,Sopa crema de choclo deshidratada,773832,La muestra analizada no presenta particularidades desde el punto de vista quimico para los parametros analizados,,En condiciones,MAGGI,2024-07-10,49/1588,2024-09-30,3180007904,79 g
127722,ALFAJOR RELLENO DE DULCE DE LECHE CON COBERTURA DE SIMIL CHOCOLATE BLANCO,773824,La muestra analizada no presenta particularidades desde el punto de vista quimico para los parametros analizados,,En condiciones,JUANA LA LOCA,2024-07-08,32098/10,2024-08-25,L 181,80 g
127721,Alfajor relleno de dulce de leche cubierto con cobertura símil chocolate semiamargo,773827,La muestra analizada no presenta particularidades desde el punto de vista quimico para los parametros analizados,,En condiciones,PRINCIPE HUMBERTO,2024-07-08,813/37,2024-09-06,PH-11/245,70 g
127722,ALFAJOR RELLENO DE DULCE DE LECHE CON COBERTURA DE SIMIL CHOCOLATE,773825,La muestra analizada no presenta particularidades desde el punto de vista quimico para los parametros analizados,,En condiciones,JUANA LA LOCA,2024-07-08,32098/9,2024-09-02,L 186,80 g
127722,POSTRE  A BASE DE CHOCOLATE Y DULCE DE LECHE BAÑADO CON SÍMIL CHOCOLATE,773823,La muestra analizada no presenta particularidades desde el punto de vista quimico para los parametros analizados,,En condiciones,JUANA LA LOCA,2024-07-08,32098/1,2024-09-01,L.185,92 g
127722,Postre a base de chocolate. merengue y dulce de leche bañado con símil chocolate.,773822,La muestra analizada no presenta particularidades desde el punto de vista quimico para los parametros analizados,,En condiciones,JUANA LA LOCA,2024-07-08,32098/3,2024-09-02,L 186,68 g
127722,Postre a base de chocolate y dulce de leche bañado con símil chocolate blanco,773826,La muestra analizada no presenta particularidades desde el punto de vista quimico para los parametros analizados,,En condiciones,JUANA LA LOCA,2024-07-08,32098/2,2024-09-01,L 182,92 g
127715,Alfajor relleno de dulce de leche con cobertura sabor chocolate,773810,La muestra analizada no presenta particularidades desde el punto de vista quimico para los parametros analizados,,En condiciones,PUNTA BALLENA,2024-07-01,1645/111,2024-08-24,1624/2   11:15:52,48 g
127715,ALFAJOR RELLENO CON TIPO MOUSSE SABOR CHOCOLATE CON COBERTURA SABOR CHOCOLATE,773812,La muestra analizada no presenta particularidades desde el punto de vista quimico para los parametros analizados,,En condiciones,ORO - PORTEZUELO,2024-07-01,12/908,2024-11-29,L094 D4 11:17:40,45 g
127715,ALFAJOR RELLENO CON DULCE DE LECHE Y MERENGUE CON COBERTURA SABOR CHOCOLATE,773814,La muestra analizada no presenta particularidades desde el punto de vista quimico para los parametros analizados,,En condiciones,BLACK - PORTEZUELO,2024-07-01,12/516,2024-08-16,L109 D7 11:32:23,70 g
127715,ALFAJOR RELLENO CON DULCE DE LECHE CUBIERTO CON COBERTURA SABOR CHOCOLATE,773813,La muestra analizada no presenta particularidades desde el punto de vista quimico para los parametros analizados,,En condiciones,BLACK - PORTEZUELO,2024-07-01,12/796,2024-09-17,L 141 D7 07:46:40,80 g
127716,Sopa de choclo deshidratada instantánea,773817,La muestra analizada no presenta particularidades desde el punto de vista quimico para los parametros analizados,,En condiciones,KNORR,2024-07-01,25538/1286,2024-12-04,LK 3314 NVK 22:28,63 g
127716,Sopa instantánea deshidratada de vegetales ¿ bajas calorías,773819,La muestra analizada no presenta particularidades desde el punto de vista quimico para los parametros analizados,,En condiciones,KNORR,2024-07-01,25538/1291,2025-06-02,LK 4039 NVK 06:13,50 g
127716,SOPA DESHIDRATADA REDUCIDA EN SODIO,773818,La muestra analizada no presenta particularidades desde el punto de vista quimico para los parametros analizados,,En condiciones,MONTE CUDINE,2024-07-01,1710/237,2025-06-06,010424,68 g
127715,ALFAJOR RELLENO CON DULCE DE LECHE CUBIERTO CON COBERTURA SABOR CHOCOLATE BLANCO -CHOCOBLANCO-,773811,La muestra analizada no presenta particularidades desde el punto de vista quimico para los parametros analizados,,En condiciones,PORTEZUELO,2024-07-01,12/461,2024-08-18,L141  BO 08:59:36,40 g
127716,Sopa crema de zapallo deshidratada,773821,La muestra analizada no presenta particularidades desde el punto de vista quimico para los parametros analizados,,En condiciones,KNORR,2024-07-01,25538/1307,2025-06-01,LK 4 068 LAU 08:09 2,70 g
127716,Caldo de verduras con sabor a carne. deshidratado,773820,La muestra analizada no presenta particularidades desde el punto de vista quimico para los parametros analizados,,En condiciones,KNORR,2024-07-01,25538/1206,2025-03-30,LK 4065 LG 05:17 1,114 g
127716,Sopa de zapallo deshidratada instantánea,773816,La muestra analizada no presenta particularidades desde el punto de vista quimico para los parametros analizados,,En condiciones,KNORR,2024-07-01,25538/1294,2025-04-04,LK 4095 NVK 00:38,63 g
127715,ALFAJOR DE TRES TAPAS RELLENO CON SABOR A VAINILLA CON BAÑO DE REPOSTERÍA,773815,La muestra analizada no presenta particularidades desde el punto de vista quimico para los parametros analizados,,En condiciones,OREO,2024-07-01,6828/1163,2024-10-31,PP 1212 4081 M01 10:14,56 g
127712,CONDIMENTO VERDE. MEZCLA DE ESPECIAS DESHIDRATADAS,773793,La muestra analizada no presenta particularidades desde el punto de vista quimico para los parametros analizados,,En condiciones,MONTE CUDINE,2024-06-29,1710/206,2024-11-11,011123,170 g
127714,AGUA MINERALIZADA CON GAS,773806,La muestra analizada no presenta particularidades desde el punto de vista quimico para los parametros analizados,,En condiciones,VITALE,2024-06-29,485/129,2024-09-02,CS604Jun242055PCR,625 mL
127713,MERMELADA DE FRUTILLA REDUCIDA 47% EN CALORIAS LIBRE DE GLUTEN,773799,La muestra analizada no presenta particularidades desde el punto de vista quimico para los parametros analizados,,En condiciones,ARCOR,2024-06-29,1409/2942,2025-01-28,L 28/01/25 301 00:52,390 g
127713,MORA,773795,Fuera de las condiciones reglamentarias,Digesto Departamental Volumen VI Título II Art. D974. Producto no registrado en el SRA. Decreto 117/006 Resolución GMC 26/03 Art. 5. No presenta denominación de venta del alimento. Decreto 402/012  Art. 5.2. No cumple con la condición establecida para el atributo reducido en calorías.,En condiciones,CAMPO CLARO,2024-06-29,No posee registro,2026-12-31,07/223,360 g
127713,Dulce de Batata,773802,Fuera de las condiciones reglamentarias,Decreto 117/006 Resolución GMC 26/03 Art. 6.2.3. Se detecta colorante no declarado en la lista de ingredientes.,En condiciones,RINCON DEL GIGANTE,2024-06-29,25227/14,2025-04-23,115.4,900 g
127714,AGUA MINERALIZADA SIN GAS,773807,La muestra analizada no presenta particularidades desde el punto de vista quimico para los parametros analizados,,En condiciones,VITALE,2024-06-29,485/130,2025-05-01,CS605JUN242354PCR,625 mL
127714,AGUA MINERAL CON GAS,773809,La muestra analizada no presenta particularidades desde el punto de vista quimico para los parametros analizados,,En condiciones,SALUS,2024-06-29,10748/10,2024-11-30,62405241227205,600 mL
127714,AGUA MINERAL SIN GAS,773805,La muestra analizada no presenta particularidades desde el punto de vista quimico para los parametros analizados,,En condiciones,EVIAN,2024-06-29,10748/105,2025-06-23,LPRD23062302:22 L4,1 L
127714,AGUA MINERAL NATURAL CON GAS,773804,La muestra analizada no presenta particularidades desde el punto de vista quimico para los parametros analizados,,En condiciones,NATIVA,2024-06-29,18280/2,2025-04-27,L118F028859,1L
127714,AGUA MINERAL SIN GAS,773808,La muestra analizada no presenta particularidades desde el punto de vista quimico para los parametros analizados,,En condiciones,SALUS,2024-06-29,10748/11,2025-07-30,62905241445709,600 mL
127714,AGUA MINERALIZADA SIN GAS,773803,La muestra analizada no presenta particularidades desde el punto de vista quimico para los parametros analizados,,En condiciones,MATUTINA,2024-06-29,19271/10,2025-06-30,L1 180624 0018,2.5 L
127712,MEZCLA DE ESPECIAS - LAUREL Y PIMENTÓN ¿ SIN GLUTEN,773792,Fuera de las condiciones reglamentarias,Digesto Departamental Volumen IV Título II Art. D974 y Art. 10 de la Resolución 4054/18 reglamentaria de dicho artículo. El registro del producto está vencido desde el 27/06/2022 y no fue renovado.,En condiciones,DANI,2024-06-29,4817/1122,2026-11-30,M3863- KL17,70 g
127713,MERMELADA DE DURAZNO,773796,La muestra analizada no presenta particularidades desde el punto de vista quimico para los parametros analizados,,En condiciones,RINCON DEL GIGANTE,2024-06-29,25227/20,2025-05-24,LOT. 1484,425 g
127712,CONDIMENTO PREPARADO,773790,La muestra analizada no presenta particularidades desde el punto de vista quimico para los parametros analizados,,En condiciones,PRECIO LÍDER,2024-06-29,4463/2812,2026-04-15,L 04,25 g
127712,AJO Y PEREJIL Condimento preparado,773788,La muestra analizada no presenta particularidades desde el punto de vista quimico para los parametros analizados,,En condiciones,PRECIO LÍDER,2024-06-29,4463/2811,2026-05-09,05. exp,25 g
127712,MEZCLA DE ESPECIAS DESHIDRATADAS,773791,La muestra analizada no presenta particularidades desde el punto de vista quimico para los parametros analizados,,En condiciones,MONTE CUDINE,2024-06-29,1710/20,2025-04-04,010424 04,25 g
127712,CONDIMENTO VERDE. MEZCLA DE ESPECIAS DESHIDRATADAS (SIN SAL AGREGADA),773789,La muestra analizada no presenta particularidades desde el punto de vista quimico para los parametros analizados,,En condiciones,MONTE CUDINE,2024-06-29,1710/68,2024-04-04,L 010124 24,25 g
127713,MERMELADA DE HIGO LIBRE DE GLUTEN,773800,La muestra analizada no presenta particularidades desde el punto de vista quimico para los parametros analizados,,En condiciones,PRECIO LÍDER,2024-06-29,4463/2821,2025-04-19,R1 04039,500 g
127713,DULCE DE MEMBRILLO LIBRE DE GLUTEN,773801,La muestra analizada no presenta particularidades desde el punto de vista quimico para los parametros analizados,,En condiciones,PRECIO LÍDER,2024-06-29,4463/2823,2025-06-06,R1 06005,500 g
127712,Mezcla de especias deshidratadas,773794,La muestra analizada no presenta particularidades desde el punto de vista quimico para los parametros analizados,,En condiciones,MONTE CUDINE,2024-06-29,1710/209,2024-04-04,010323,85 g
127713,MERMELADA FRUTOS DEL BOSQUE DIETÉTICA 83% REDUCCIÓN CALÓRICA  -LIBRE DE GLUTEN-,773797,La muestra analizada no presenta particularidades desde el punto de vista quimico para los parametros analizados,,En condiciones,LIMAY,2024-06-29,9075/98,2025-06-18,R206016,350 g
127713,Mermelada de Ciruelas,773798,La muestra analizada no presenta particularidades desde el punto de vista quimico para los parametros analizados,,En condiciones,RINCON DEL GIGANTE,2024-06-29,25227/7,2024-10-31,L304.3,250 g
127711,Galletitas dulces surtidas,773785,La muestra analizada no presenta particularidades desde el punto de vista quimico para los parametros analizados,,En condiciones,PUNTA BALLENA,2024-06-28,1645/308,2025-03-01,0614,400g
127711,GALLETAS DULCES,773784,Fuera de las condiciones reglamentarias,Digesto Departamental Volumen VI Título II Art. D974. Producto no registrado en el SRA.,En condiciones,LA TRIGUEÑA,2024-06-28,No posee registro,2025-06-22,25613 07:57,250g
127711,GALLETAS SABOR CHOCOLATE CON RELLENO SABOR CHOCOLATE,773786,La muestra analizada no presenta particularidades desde el punto de vista quimico para los parametros analizados,,En condiciones,9 DE ORO,2024-06-28,2877/264,2024-12-21,221223 14:34 (1),120g
127711,Galletas con avena y manzana,773787,La muestra analizada no presenta particularidades desde el punto de vista quimico para los parametros analizados,,En condiciones,NUTRA BIEN,2024-06-28,3074/364,2025-04-06,"CHT2D12 (06:41,C,EO7,21)",175g
127711,GALLETITAS DE MIEL,773783,La muestra analizada no presenta particularidades desde el punto de vista quimico para los parametros analizados,,En condiciones,EL TRIGAL,2024-06-28,1435/13,2025-02-06,4129 M:309,200g
127685,JENGIBRE,773776,Fuera de las condiciones reglamentarias,Digesto Departamental Volumen IV Titulo II el producto no esta regisrtrado en el SRA. Decreto 117/006 GMC Res 26/03 art 3.1 f en el envase del alimento menciona poseer propiedades medicinales o terapéuticas.,En condiciones,MADRE TIERRA,2024-06-27,No posee registro,2024-10-31,1022,70 g
127685,Condimento para vegetales,773781,La muestra analizada no presenta particularidades desde el punto de vista quimico para los parametros analizados,,En condiciones,LA MANCHEGA,2024-06-27,1892/47,2025-04-05,05 10 23,20 g
127685,PIMENTÓN,773777,Fuera de las condiciones reglamentarias,Digesto Departamental Volumen VI Título II Art. D974 porque el producto no está registrado en el SRA.,En condiciones,EL MONCAYO,2024-06-27,No posee registro,2025-04-10,1004 24,180 g
127685,AJO DESHIDRATADO,773778,La muestra analizada no presenta particularidades desde el punto de vista quimico para los parametros analizados,,En condiciones,EL MONCAYO,2024-06-27,719/102,,19 12 23,180 g
127685,CONDIMENTO PREPARADO,773780,La muestra analizada no presenta particularidades desde el punto de vista quimico para los parametros analizados,,En condiciones,LA MANCHEGA,2024-06-27,1892/49,2025-11-17,17 05 24,25 g
127685,CONDIMENTO PREPARADO. AJO Y PEREJIL,773779,La muestra analizada no presenta particularidades desde el punto de vista quimico para los parametros analizados,,En condiciones,EL MONCAYO,2024-06-27,719/100,2025-01-25,25 01 24,180 g
127684,MIEL,773775,Fuera de las condiciones reglamentarias,Decreto 117/006 Resolución GMC 26/03 Art. 6.4. No presenta número de registro del producto. Art. 6.5 y 6.6. No presenta lote no fecha de vencimiento.,En condiciones,MADRE TIERRA,2024-06-26,977/109,,No presenta,700 g
127684,MIEL,773774,La muestra analizada no presenta particularidades desde el punto de vista quimico para los parametros analizados,,En condiciones,MADRE TIERRA,2024-06-26,977/109,26-06-29,624 VEN 6/26,400 g
127683,Miel Orgánica,773771,La muestra analizada no presenta particularidades desde el punto de vista quimico para los parametros analizados,,En condiciones,DOÑA PURA,2024-06-26,26946/3,2026-05-30,30 MAYO 2024,500 g
127683,MIEL,773773,La muestra analizada no presenta particularidades desde el punto de vista quimico para los parametros analizados,,En condiciones,DON FELIPE,2024-06-26,31916/2,2026-05-20,E76 99 2,430 g
127683,Miel Orgánica,773770,La muestra analizada no presenta particularidades desde el punto de vista quimico para los parametros analizados,,En condiciones,DOÑA PURA,2024-06-26,26946/3,2026-05-30,3 D MAYO 2026,500 g
127682,LECHE FRESCA PASTEURIZADA ENTERA,773768,La muestra analizada no presenta particularidades desde el punto de vista quimico para los parametros analizados,,En condiciones,CONAPROLE,2024-06-25,1395/1,2024-06-29,212406221 3B 03:3946,1 L
127682,Leche UHT entera Larga Vida - Libre de gluten,773766,Fuera de las condiciones reglamentarias,Digesto Departamental Volumen IV titulo II Art. D974 y Art. 10 de la Resolución 4054/18 reglamentaria de dicho artículo. El registro del producto está vencido desde el 29/10/2021 y no fue renovado.,En condiciones,BLANCANUBE,2024-06-25,1395/1012,2025-03-01,49118138 10 310524 080015,1 L
127682,Leche UHT descremada Larga Vida. Libre de gluten,773767,Fuera de las condiciones reglamentarias,Digesto Departamental Volumen IV Titulo II Art. D974 y Art. 10 de la Resolución 4054/18 reglamentaria de dicho artículo. El registro del producto está vencido desde el 29/11/2024 y no fue renovado.,En condiciones,BLANCANUBE,2024-06-25,1395/1013,2025-03-03,491281337 04 030624 060131,1 L
127682,LECHE PASTEURIZADA DESCREMADA,773769,La muestra analizada no presenta particularidades desde el punto de vista quimico para los parametros analizados,,En condiciones,CONAPROLE,2024-06-25,1395/2,2024-06-28,212406212 5B 13:0446,1 L
127681,TE NEGRO,773763,La muestra analizada no presenta particularidades desde el punto de vista quimico para los parametros analizados,,En condiciones,AHMAD TEA,2024-06-24,23893/2551,2024-10-09,FG23474,100g
127681,Té negro,773762,La muestra analizada no presenta particularidades desde el punto de vista quimico para los parametros analizados,,En condiciones,AHMAD TEA,2024-06-24,23893/2557,2026-04-28,FG27386,50g
127681,Té negro,773758,La muestra analizada no presenta particularidades desde el punto de vista quimico para los parametros analizados,,En condiciones,TWININGS,2024-06-24,18047/245,2026-11-24,712446-332 23:37,100g
127681,Té negro saborizado con bergamota-Libre de gluten,773759,La muestra analizada no presenta particularidades desde el punto de vista quimico para los parametros analizados,,En condiciones,TWININGS,2024-06-24,18047/246,2026-07-11,698240-197 23:16,100g
127681,Té negro con sabor a bergamota,773761,La muestra analizada no presenta particularidades desde el punto de vista quimico para los parametros analizados,,En condiciones,AHMAD TEA,2024-06-24,23893/2552,2025-01-26,FG 24221,100g
127681,MEZCLA DE TE NEGRO Y VERDE EN SAQUITOS,773760,Fuera de las condiciones reglamentarias,Digesto Departamental Volumen VI Título II Art. D974. Producto no registrado en el SRA.,En condiciones,AHMAD TEA,2024-06-24,No posee registro,2025-09-01,FG 25907,80g
127701,MIEL,773757,La muestra analizada no presenta particularidades desde el punto de vista quimico para los parametros analizados,,En condiciones,DEL ABUELO,2024-06-21,1623/1,2027-01-01,J 067,430 g
127676,GALLETITA SABOR FRUTILLA BAÑADA CON COBERTURA SÍMIL CHOCOLATE,773747,Fuera de las condiciones reglamentarias,Decreto 2372/018 Anexo IV. El rótulo presenta octógonos por exceso de grasas y de azúcares pero no están ubicados en la cara frontal del envase. Decreto 402/012 Art. 5.1. No cumple con las condiciones establecidas para el atributo No contiene grasas trans.,En condiciones,NATIVO,2024-06-20,1244/137,24-12-20,142,120 g
127676,GALLETITAS SEMILLADAS CON CHIA Y LINO,773749,La muestra analizada no presenta particularidades desde el punto de vista quimico para los parametros analizados,,En condiciones,GRANIX,2024-06-20,556/155,2025-02-14,A2 11:36,240 g
127676,Galletitas dulces con avena y pasas de uva,773746,La muestra analizada no presenta particularidades desde el punto de vista quimico para los parametros analizados,,En condiciones,CEREAL MIX ARCOR,2024-06-20,1409/7462,24-07-02,CO 4 276 08:28,207 g
127676,GALLETITAS DULCES SABOR COCO,773750,La muestra analizada no presenta particularidades desde el punto de vista quimico para los parametros analizados,,En condiciones,FAMOSA,2024-06-20,6828/1238,2024-09-10,24008 15:38 C7D31,195 g
127677,TE NEGRO,773753,La muestra analizada no presenta particularidades desde el punto de vista quimico para los parametros analizados,,En condiciones,PICKWICK,2024-06-20,5529/1396,2025-08-22,136,100g
127676,Galletas con avena y pasas,773748,La muestra analizada no presenta particularidades desde el punto de vista quimico para los parametros analizados,,En condiciones,NUTRA BIEN,2024-06-20,3074/362,2025-03-10,"CHT2C16 15:08, C, E07, 21",175 g
127676,Galletas con avena y chips de Chocolate,773745,La muestra analizada no presenta particularidades desde el punto de vista quimico para los parametros analizados,,En condiciones,NUTRA BIEN,2024-06-20,3074/360,25-04-03,"CHT2D10 (19:56, A, E07, 20)",175 g
127677,Té,773754,Fuera de las condiciones reglamentarias,Decreto 117/006 resolución GMC 26/03 art. 6.4.1. El número de registro que figura en el rótulo corresponde a otro producto.,En condiciones,PRECIO LÍDER,2024-06-20,4463/2863,2026-09-01,01/09/26,50g
127677,TE CEYLAN,773752,Fuera de las condiciones reglamentarias,Decreto 117/006 Resolución GMC 26/03 Art. 6.6.1. La fecha de duradión no se declara de acuerdo a lo establecido en la normativa.,En condiciones,DISCO,2024-06-20,4463/78,,10/04/24,200g
127680,MIEL,773756,La muestra analizada no presenta particularidades desde el punto de vista quimico para los parametros analizados,,En condiciones,LA PRADERA,2024-06-20,3350/1,2026-12-31,DICIEMBRE 2026,180 g
127678,TE VERDE SABOR LIMON Y JENGIBRE,773755,Fuera de las condiciones reglamentarias,Digesto Departamental Volumen VI Título II Art. D974.2 y Resolución 4054/018 Art. 10. El registro del producto está vencido.,En condiciones,LA SELVA,2024-06-20,1892/743,2026-05-23,23/05/24 10:13,10g
127677,TÉ NEGRO CON FINOS TOQUES DE AROMAS FLORALES ORGANICO,773751,Fuera de las condiciones reglamentarias,Decreto 117/006 Res. GMC 26/03 Art. 6.2. Se detecta presencia de ingredientes no declarados en la rotulación.,En condiciones,CAMPO CLARO,2024-06-20,8345/1366,2025-08-30,CB 01,"42,5g"
127675,ADOBO. MEZCLA DE ESPECIAS DESHIDRATADAS,773741,La muestra analizada no presenta particularidades desde el punto de vista quimico para los parametros analizados,,En condiciones,MONTE CUDINE,2024-06-18,1710/2,2024-11-11,011023,100 G
127673,LECHE ULTRAPASTEURIZADA DESCREMADA,773735,La muestra analizada no presenta particularidades desde el punto de vista quimico para los parametros analizados,,En condiciones,CONAPROLE,2024-06-18,1395/217,2024-07-07,I T6 09:18 L240707D64,1 L
127673,Leche entera UAT adicionada con Vitaminas A y D -Libre de Gluten,773736,La muestra analizada no presenta particularidades desde el punto de vista quimico para los parametros analizados,,En condiciones,LA SERENISIMA,2024-06-18,19271/755,2024-09-01,HR 13:42,1 L
127673,Leche UHT Entera,773737,La muestra analizada no presenta particularidades desde el punto de vista quimico para los parametros analizados,,En condiciones,PARMALAT,2024-06-18,25285/216,2024-07-18,24910  039563 JM B14,1 L
127675,Pimentón,773740,La muestra analizada no presenta particularidades desde el punto de vista quimico para los parametros analizados,,En condiciones,TA-TA,2024-06-18,18138/98,2025-05-31,L 04,100 g
127673,Leche semidescremada parcialmente delactosada,773734,La muestra analizada no presenta particularidades desde el punto de vista quimico para los parametros analizados,Digesto Departamental Volumen IV Título II Art. D974 y Art. 10 de la Resolución 4054/18 reglamentaria de dicho artículo. El registro del producto está vencido desde el 19/08/2021.,En condiciones,PARMALAT,2024-06-18,25285/816,2024-07-15,C/1 17.1.1  19:00,1 L
127673,Leche descremada ultrapasteurizada,773733,La muestra analizada no presenta particularidades desde el punto de vista quimico para los parametros analizados,,En condiciones,TA-TA,2024-06-18,18138/340,2024-09-05,C/2 17.1.2  10:25,1 L
127675,Condimento preparado,773739,La muestra analizada no presenta particularidades desde el punto de vista quimico para los parametros analizados,,En condiciones,TA-TA,2024-06-18,18138/96,2026-02-28,L.02,25 g
127675,CONDIMENTO ADOBO,773743,La muestra analizada no presenta particularidades desde el punto de vista quimico para los parametros analizados,,En condiciones,DEL GAUCHO,2024-06-18,1622/210,2026-04-09,04,50 g
127674,MIEL,773738,La muestra analizada no presenta particularidades desde el punto de vista quimico para los parametros analizados,,En condiciones,CERROS AZULES,2024-06-18,1109/1,2028-12-31,Dic 2028,450g
127673,LECHE UHT ENTERA,773732,Fuera de las condiciones reglamentarias,,En condiciones,TA-TA,2024-06-18,25285/294,2024-08-23,M8 24005,1 L
127675,OREGANO,773742,La muestra analizada no presenta particularidades desde el punto de vista quimico para los parametros analizados,,En condiciones,MONTE CUDINE,2024-06-18,1710/11,2025-09-09,010234 02,25 g
127675,Mezcla de especias para condimentar vegetales - ensaladas,773744,La muestra analizada no presenta particularidades desde el punto de vista quimico para los parametros analizados,,En condiciones,PIZCAS,2024-06-18,22267/4,2025-02-28,28/02/2025,25 g
127645,MIEL,773730,La muestra analizada no presenta particularidades desde el punto de vista quimico para los parametros analizados,,En condiciones,PRIMAVERA,2024-06-14,3350/3,2026-12-01,Dic 2026,1 Kg
127644,Té fannings sin TACC,773723,La muestra analizada no presenta particularidades desde el punto de vista quimico para los parametros analizados,,En condiciones,PRESIDENT,2024-06-14,9809/439,2025-11-30,2022/0084,50g
127643,GALLETITAS SABOR CHOCOLATE CON RELLENO SABOR CHANTILLY,773727,La muestra analizada no presenta particularidades desde el punto de vista quimico para los parametros analizados,,En condiciones,FAMOSA,2024-06-14,6828/555,24-07-02,23304 16:13 C7D2,115 g
127643,GALLETITAS DULCES,773729,La muestra analizada no presenta particularidades desde el punto de vista quimico para los parametros analizados,,En condiciones,FAMOSA,2024-06-14,6828/418,2024-10-22,24050 11:44 C7D1,195 g
127643,Galletitas dulces surtidas,773725,La muestra analizada no presenta particularidades desde el punto de vista quimico para los parametros analizados,,En condiciones,ARCOR,2024-06-14,1409/7574,25-03-04,SA 52 065 13:26,400 g
127643,GALLETITAS DULCES SURTIDAS,773724,La muestra analizada no presenta particularidades desde el punto de vista quimico para los parametros analizados,,En condiciones,TERRABUSI,2024-06-14,6828/1729,2024-10-01,PP 03024121,390 g
127643,GALLETITAS DULCES CON CACAO CON RELLENO SABOR A VAINILLA,773728,La muestra analizada no presenta particularidades desde el punto de vista quimico para los parametros analizados,,En condiciones,OREO,2024-06-14,6828/1758,2024-11-13,PP07324163 05:33 M14,354 g
127645,MIEL,773731,La muestra analizada no presenta particularidades desde el punto de vista quimico para los parametros analizados,,En condiciones,FLORAL,2024-06-14,3350/2,2025-12-31,31/12/2025,450 g
127644,TE,773722,La muestra analizada no presenta particularidades desde el punto de vista quimico para los parametros analizados,,En condiciones,SAINT,2024-06-14,1157/150,2026-09-30,30/09/2026,50g
127671,te verde,773717,Fuera de las condiciones reglamentarias,Decreto 117/006 Resolución GMC 26/03 Art. 6.4.1. El número de registro que figura en el rótulo corresponde a otro producto.,En condiciones,CABRAL,2024-06-13,4814/378,2026-04-30,2401,10g
127671,TE PARCIALMENTE FERMENTADO,773718,La muestra analizada no presenta particularidades desde el punto de vista quimico para los parametros analizados,,En condiciones,CABRAL,2024-06-13,4814/388,2026-05-31,2402,10g
127670,miel,773720,La muestra analizada no presenta particularidades desde el punto de vista quimico para los parametros analizados,,En condiciones,CABRAL,2024-06-13,4814/100,2026-06-01,2406,450 g
127671,te verde,773719,La muestra analizada no presenta particularidades desde el punto de vista quimico para los parametros analizados,,En condiciones,CABRAL,2024-06-13,4814/374,2026-05-31,2405,10g
127668,MIEL,773716,La muestra analizada no presenta particularidades desde el punto de vista quimico para los parametros analizados,,En condiciones,LA PRADERA,2024-06-12,3350/1,2027-12-01,Diciembre 2027,450 g
127669,MIEL,773715,Fuera de las condiciones reglamentarias,Digesto Departamental Volumen VI Título II Art. D974. El producto no está registrado en el SRA.,En condiciones,APIARIOS MARTINEZ,2024-06-12,No posee registro,2024-06-01,L.1024,980 g
127666,ALIMENTO CON PROTEINA DE SOJA TIPO FRANKFURTER PRODUCTO COCIDO CONGELADO,773707,Fuera de las condiciones reglamentarias,Decreto 117/006 Resolución GMC 26/03 Art. 6.6.2. Indica vida útil para conservación a distintas temperaturas pero no presenta fecha de envasado. Digesto Departamental Volumen VI Título II Art. D974.3. El producto no se comercializa de acuerdo a lo declarado en IgDoc.,En condiciones,MI SOJA,2024-06-11,1725/16,2025-04-03,L 159,175 g
127667,Leche parcialmente descremada UAT homogeneizada. adicionada con vitaminas A y D. Sin lactosa. libre de gluten,773701,La muestra analizada no presenta particularidades desde el punto de vista quimico para los parametros analizados,,En condiciones,LA SERENISIMA,2024-06-11,19271/1169,2024-09-29,HR 22:32,1 L
127638,PIMIENTA BLANCA MOLIDA,773710,Fuera de las condiciones reglamentarias,Digesto Departamental Volumen VI Título II Art. D974 el producto no está registrado en el SRA.,En condiciones,PRECIO LÍDER,2024-06-11,No posee registro,2026-02-19,L.02.EXP.,25 g
127667,LECHE DESCREMADA UHT - Libre de gluten,773704,La muestra analizada no presenta particularidades desde el punto de vista quimico para los parametros analizados,,En condiciones,CONAPROLE,2024-06-11,1395/757,2025-02-23,490182137 10  230524 120945,1 L
127638,PIMIENTA NEGRA EN GRANO.,773714,Fuera de las condiciones reglamentarias,Decreto 117/006 Resolución GMC 26/03 Art. 6.4. En el rótulo de la muestra no figuran los datos del importador.,En condiciones,MC. CORMICK,2024-06-11,9283/802,2026-12-27,DEC27 26 PTA 22:27,70 g
127638,AJO PICADO,773711,La muestra analizada no presenta particularidades desde el punto de vista quimico para los parametros analizados,,En condiciones,DEL GAUCHO,2024-06-11,1622/204,2025-08-31,31/08/2025,275 g
127667,LECHE DESCREMADA UHT ADICIONADA DE VITAMINAS A Y D3. LIBRE DE GLUTEN,773702,La muestra analizada no presenta particularidades desde el punto de vista quimico para los parametros analizados,,En condiciones,CONAPROLE,2024-06-11,1395/1184,2024-11-07,48848188  070524 06512,1 L
127638,CONDIMENTO PREPARADO EN POLVO,773712,La muestra analizada no presenta particularidades desde el punto de vista quimico para los parametros analizados,,En condiciones,BADIA,2024-06-11,19672/587,2028-05-31,293923,163 g
127667,LECHE ENTERA UHT. Libre de gluten,773703,La muestra analizada no presenta particularidades desde el punto de vista quimico para los parametros analizados,,En condiciones,CONAPROLE,2024-06-11,1395/758,2025-02-02,488182138 09  020524 122-37,1 L
127667,LECHE ENTERA (ULTRAPASTEURIZADA),773706,La muestra analizada no presenta particularidades desde el punto de vista quimico para los parametros analizados,,En condiciones,CONAPROLE,2024-06-11,1395/216,2024-07-07,L T7 09:38 L240707D13,1 L
127667,Leche UHT entera Larga Vida - Libre de gluten,773705,Fuera de las condiciones reglamentarias,Digesto Departamental Volumen IV TítuloII Art. D974 y Art. 10 de la Resolución 4054/18. El producto tiene su registro vencido desde 29/11/2021.,En condiciones,BLANCANUBE,2024-06-11,1395/1012,2025-02-10,488991338 02 100524 094431,1 L
127638,MEZCLA DE ESPECIAS,773709,La muestra analizada no presenta particularidades desde el punto de vista quimico para los parametros analizados,,En condiciones,DANI,2024-06-11,4817/80,2027-11-30,M9014-HL21,40 g
127638,PIMENTÓN DULCE AHUMADO SIN GLUTEN,773713,Fuera de las condiciones reglamentarias,Decretos 272/018 y 34/021. Debe presentar rotulado frontal por exceso de grasas.,Fuera de condiciones,CARMENCITA,2024-06-11,4817/2577,2025-04-30,C-3284,75 g
127666,FILETES VEGETALES SABORIZADOS COCIDOS CONGELADOS,773708,Fuera de las condiciones reglamentarias,Decreto 117/006 Resolución GMC 26/03 Art. 6.6.2. Indica vida útil para conservación a distintas temperaturas pero no presenta fecha de envasado. Digesto Departamental Volumen VI Título II Art. D974.3. El producto no se comercializa de acuerdo a lo declarado en IgDoc.,En condiciones,ETOSHA,2024-06-11,1725/19,2025-05-13,L 112,360 g
127665,Té,773695,La muestra analizada no presenta particularidades desde el punto de vista quimico para los parametros analizados,,En condiciones,CANARIAS,2024-06-06,528/67,2025-10-28,01.10.23-NE10,60g
127664,MIEL CREMA,773700,Fuera de las condiciones reglamentarias,Digesto Departamental Volumen VI Tïtulo II Art. D974. Producto no registrado en el SRA.,En condiciones,LA PRADERA,2024-06-06,No posee registro,2024-12-31,12/2024,450 g
127665,Té negro aromatizado con limón,773696,La muestra analizada no presenta particularidades desde el punto de vista quimico para los parametros analizados,,En condiciones,TWININGS,2024-06-06,18047/258,2026-02-06,0000682612-038 05:30,20g
127665,té negro tipo fannings,773697,La muestra analizada no presenta particularidades desde el punto de vista quimico para los parametros analizados,,En condiciones,HORNIMANS,2024-06-06,166/1,2026-01-31,190124 S03,50g
127664,MIEL ORGANICA,773699,Fuera de las condiciones reglamentarias,Digesto Departamental Volumen VI Título II Art. D974.2 y Resolución 4054/018 Art. 10. El registro del producto está vencido.,En condiciones,CAMPO CLARO,2024-06-06,8345/600,2025-12-01,ZAFRA 2023/2024,270 g
127665,TE NEGRO,773698,La muestra analizada no presenta particularidades desde el punto de vista quimico para los parametros analizados,,En condiciones,TWININGS,2024-06-06,18047/161,2024-06-14,000694979-16607:00,100g
127662,MIEL,773688,Fuera de las condiciones reglamentarias,Digesto Departamental Volumen VI Título II Art. D974.2 y Resolución 4054/018 Art. 10. El registro del producto está vencido desde el 20/08/2020.,En condiciones,CERROS AZULES,2024-06-05,1109/2,2024-12-31,12/2024,100 g
127663,Galletitas dulces sabor chocolate,773693,La muestra analizada no presenta particularidades desde el punto de vista quimico para los parametros analizados,,En condiciones,BAGLEY,2024-06-05,1409/8352,2025-01-30,SA 112031,250 g
127662,MIEL,773686,La muestra analizada no presenta particularidades desde el punto de vista quimico para los parametros analizados,,En condiciones,APIARIOS CABRAL,2024-06-05,4814/10,206-04-29,24 04,480 g
127663,Obleas con relleno sabor chocolate,773692,Fuera de las condiciones reglamentarias,Decreto 117/006 Resolución GMC 26/03 Art. 6.5.1 y 6.6.1. Lote y fecha de vencimiento ilegibles.,En condiciones,TATA,2024-06-05,18138/192,,,100 g
127663,Oblea con relleno sabor chocolate,773691,Fuera de las condiciones reglamentarias,Decreto 117/006 Resolución GMC 26/03 Art. 4. La impresión donde figuran los datos del importador y el número de registro es parcialmente ilegible.,En condiciones,AMORI,2024-06-05,25451/418,2025-02-07,ilegible,80
127663,OBLEA CON RELLENO SABOR FRUTILLA,773690,La muestra analizada no presenta particularidades desde el punto de vista quimico para los parametros analizados,,En condiciones,MYBIT,2024-06-05,6405/1271,2024-12-04,77145 02:37 1,100g
127663,GALLETITAS DULCES CON AVENA Y PASAS DE UVA,773694,La muestra analizada no presenta particularidades desde el punto de vista quimico para los parametros analizados,,En condiciones,OKEBON MOLINO NATURAL,2024-06-05,23893/2833,2025-02-06,4 037 11,232g
127662,MIEL. LIBRE DE GLUTEN.,773685,La muestra analizada no presenta particularidades desde el punto de vista quimico para los parametros analizados,,En condiciones,LOS NIETITOS,2024-06-05,7795/27,2025-04-17,T04 10:59C 0942,250 g
127662,Miel,773687,La muestra analizada no presenta particularidades desde el punto de vista quimico para los parametros analizados,,En condiciones,BEEA,2024-06-05,33664/11,2025-10-31,Octubre 2025,250 g
127663,Obleas Rellenas Sabor Chocolate,773689,La muestra analizada no presenta particularidades desde el punto de vista quimico para los parametros analizados,,En condiciones,PUNTA BALLENA,2024-06-05,1645/469,2024-12-31,1338 20:13,140g
127660,LECHE ENTERA ULTRAPASTEURIZADA,773682,Fuera de las condiciones reglamentarias,Digesto Departamental Volumen IV Título II Art D974. El producto no está registrado en el SRA.,En condiciones,LA POSITIVA,2024-06-04,No posee registro,2024-08-19,C/1.17.1.3 19:59,1 L
127661,ADOBO,773678,Fuera de las condiciones reglamentarias,Digesto Departamental Volumen VI Título II Art. D974 porque el producto no está registrado en el SRA. Este informe sustituye el emitido el 27/06/2024.,En condiciones,DELIER,2024-06-04,No posee registro,2026-09-19,10108,20 g
127660,Leche pasteurizada entera,773683,La muestra analizada no presenta particularidades desde el punto de vista quimico para los parametros analizados,,En condiciones,CLALDY,2024-06-04,2452/20,2024-06-10,9206:28:52,1 L
127659,Leche entera ultrapasteurizada,773679,La muestra analizada no presenta particularidades desde el punto de vista quimico para los parametros analizados,,En condiciones,CALCAR,2024-06-04,18357/140,2024-08-29,C/2 17.1.3 10:26 ENV.31/05/24,1 L
127659,Leche descremada pasteurizada. Libre de gluten,773681,La muestra analizada no presenta particularidades desde el punto de vista quimico para los parametros analizados,,En condiciones,CALCAR,2024-06-04,18357/2,2024-06-11,(B1),1 L
127661,ORÉGANO,773676,La muestra analizada no presenta particularidades desde el punto de vista quimico para los parametros analizados,,En condiciones,DUKITA,2024-06-04,556/7,2026-03-06,002389,30 g
127660,Leche pasteurizada descremada,773684,La muestra analizada no presenta particularidades desde el punto de vista quimico para los parametros analizados,,En condiciones,CLALDY,2024-06-04,2452/28,2024-06-10,72 07:20:29,1 L
127661,AJO Y PEREJIL,773677,La muestra analizada no presenta particularidades desde el punto de vista quimico para los parametros analizados,,En condiciones,DUKITA,2024-06-04,556/10,2026-03-06,0023891,40 g
127659,Leche entera pasteurizada. Libre de gluten,773680,La muestra analizada no presenta particularidades desde el punto de vista quimico para los parametros analizados,,En condiciones,CALCAR,2024-06-04,18357/1,2024-06-09,(A1) 06:52,1 L
127658,PIMENTÓN,773674,Fuera de las condiciones reglamentarias,Decreto Nº 6/009 artículo 23.2.66. porque el porcentaje de cenizas totales excede el máximo establecido.Este informe sustituye el emitido el 25/06/2024.,En condiciones,LA TRINIDAD,2024-06-03,1078/166,2025-12-31,6/24,50 g
127658,PIMIENTA BLANCA MOLIDA SIN GLUTEN,773673,La muestra analizada no presenta particularidades desde el punto de vista quimico para los parametros analizados,,En condiciones,LA TRINIDAD,2024-06-03,1078/4,2025-12-31,6/24,50 g
127658,ORÉGANO,773675,La muestra analizada no presenta particularidades desde el punto de vista quimico para los parametros analizados,,En condiciones,LA TRINIDAD,2024-06-03,1078/352,2025-12-31,6/24,50 g
127655,ACEITE REFINADO DE SOJA,773666,La muestra analizada no presenta particularidades desde el punto de vista quimico para los parametros analizados,,En condiciones,COCAMAR,2024-05-30,30791/135,2025-04-19,32402,900
127657,PASTA DE SEMOLA DE TRIGO DURO INTEGRAL,773669,La muestra analizada no presenta particularidades desde el punto de vista quimico para los parametros analizados,,En condiciones,AGNESI,2024-05-30,11913/1943,2025-07-18,1431199 102 18:17,500 g
127657,PASTA SECA,773671,La muestra analizada no presenta particularidades desde el punto de vista quimico para los parametros analizados,,En condiciones,SIN MARCA,2024-05-30,736/85,2026-04-25,17 11 1254,400 g
127657,PASTA SECA,773670,La muestra analizada no presenta particularidades desde el punto de vista quimico para los parametros analizados,,En condiciones,EPIDOR,2024-05-30,736/34,2025-11-08,45 10 10:26,400 g
127656,PASTA SECA DE TRIGO.,773667,La muestra analizada no presenta particularidades desde el punto de vista quimico para los parametros analizados,,En condiciones,TODESCHINI,2024-05-30,30791/151,2026-04-08,08/04/26 4.3 S08,500g
127657,Pasta seca,773672,La muestra analizada no presenta particularidades desde el punto de vista quimico para los parametros analizados,,En condiciones,TA-TA,2024-05-30,18138/144,2026-04-11,15  11  15:31,400 g
127656,PASTA SECA DE TRIGO,773668,La muestra analizada no presenta particularidades desde el punto de vista quimico para los parametros analizados,,En condiciones,TODESCHINI,2024-05-30,30791/150,2026-03-14,14/03/26 4.1 S07,500 g
127654,ACEITE DE SALVADO DE ARROZ,773664,La muestra analizada no presenta particularidades desde el punto de vista quimico para los parametros analizados,,En condiciones,BLUE PATNA,2024-05-29,10035/11,26-01-26,27/01/24 09:15,900
127654,ROCIO VEGETAL OLEOSO DE GIRASOL,773665,La muestra analizada no presenta particularidades desde el punto de vista quimico para los parametros analizados,,En condiciones,PRECIO LÍDER,2024-05-29,4463/1487,2026-04-30,L:10731,120g
127651,ALCAUCILES -ESTILO CAMPO- CON ESPECIAS EN ACEITE DE GIRASOL,773652,La muestra analizada no presenta particularidades desde el punto de vista quimico para los parametros analizados,,En condiciones,COLAVITA,2024-05-28,3106/14416,2025-11-08,L 23312,340 g
127653,HARINA DE MAIZ BLANCO PRECOCIDA SIN GLUTEN,773660,Fuera de las condiciones reglamentarias,Digesto Departamental Volumen IV D974.3 el producto no está habiltado en el SRA.,En condiciones,CAÑUELAS,2024-05-28,No posee registro,2024-10-13,39231311C,1 Kg
127653,SEMILLAS DE LINO MOLIDAS EN POLVO,773658,La muestra analizada no presenta particularidades desde el punto de vista quimico para los parametros analizados,,En condiciones,EMIGRANTE,2024-05-28,4817/2543,2025-03-19,240320,400 g
127652,Café Instantaneo,773663,La muestra analizada no presenta particularidades desde el punto de vista quimico para los parametros analizados,,En condiciones,TIENDA INGLESA,2024-05-28,19827/47,2025-06-21,10081049,200g
127653,ALMENDRAS MOLIDAS EN POLVO,773659,La muestra analizada no presenta particularidades desde el punto de vista quimico para los parametros analizados,,En condiciones,EMIGRANTE,2024-05-28,4817/2015,2025-03-31,190324,350 g
127651,PEPINILLOS ACIDIFICADOS Y ALIÑADOS,773651,La muestra analizada no presenta particularidades desde el punto de vista quimico para los parametros analizados,,En condiciones,HENGSTENBERG,2024-05-28,3106/15408,2025-12-31,LF 221 03 SK3,670g
127651,Guindillas en vinagre,773655,Fuera de las condiciones reglamentarias,Decreto 117/006 Resolución GMC 26/03 Art. 6.4.1. No presenta datos del importador ni número de registro en el SRA. Res GMC 46/03 Art. 3.1.1. En la información nutricional declara contenido de sal en lugar del contenido de sodio. Decretos 272/018 y 34/021. De acuerdo a lo declarado debe presntar rotulado frontal por exceso de sodio.,Fuera de condiciones,EL FARO,2024-05-28,30835/253,2027-05-31,L-150- 1 09:12:21,340 g
127653,HARINA DE MAIZ PARA PREPARAR POLENTA,773662,La muestra analizada no presenta particularidades desde el punto de vista quimico para los parametros analizados,,En condiciones,ADRIA,2024-05-28,3052/7,2024-12-01,01/12/24 12:27:50 M4,450 g
127653,HARINA DE MAIZ PARA PREPARAR POLENTA,773661,La muestra analizada no presenta particularidades desde el punto de vista quimico para los parametros analizados,,En condiciones,COLAVITA,2024-05-28,3106/14421,2025-04-30,4223303,454 g
127653,COCO RALLADO DESECADO FINO,773657,La muestra analizada no presenta particularidades desde el punto de vista quimico para los parametros analizados,,En condiciones,PRANA,2024-05-28,18029/32,2025-04-30,CF/3361/2023,450 g
127651,TOMATES SECOS EN ACEITE,773656,La muestra analizada no presenta particularidades desde el punto de vista quimico para los parametros analizados,,En condiciones,DELICIAS,2024-05-28,11913/2541,2025-02-21,21/02/2022,295 g
127651,PIMIENTOS PICANTES EN ACEITE DE GIRASOL,773653,La muestra analizada no presenta particularidades desde el punto de vista quimico para los parametros analizados,,En condiciones,COLAVITA,2024-05-28,3106/14412,2024-09-22,L 22265,340 g
127310,CAFE SOLUBLE GRANULADO-LIBRE DE GLUTEN,773647,La muestra analizada no presenta particularidades desde el punto de vista quimico para los parametros analizados,,En condiciones,IGUACU,2024-05-27,10974/143,2025-02-14,L10079775,50g
127450,Mezcla de café tostado natural y glaseado molido,773649,La muestra analizada no presenta particularidades desde el punto de vista quimico para los parametros analizados,,En condiciones,SOROCABANA,2024-05-27,1418/6,2025-02-28,38,250g
127450,CAFE MOLIDO TOSTADO NATURAL SIN AZUCAR AGREGADA,773650,La muestra analizada no presenta particularidades desde el punto de vista quimico para los parametros analizados,,En condiciones,SOROCABANA,2024-05-27,1418/1,2025-04-30,58,250g
127450,CAFE MOLIDO GLASEADO,773648,La muestra analizada no presenta particularidades desde el punto de vista quimico para los parametros analizados,,En condiciones,SOROCABANA,2024-05-27,1418/2,2026-05-31,59,250g
127310,Café glaseado molido libre de gluten,773646,La muestra analizada no presenta particularidades desde el punto de vista quimico para los parametros analizados,,En condiciones,EL CHANA,2024-05-27,49/86,2024-12-31,40878774 12:26,600g
126335,EMPANADA HORNEADAS DE CARNE,773641,Fuera de las condiciones reglamentarias,Digesto Departamental Volumen VI Título II Art. D974. Producto no registrado en el SRA.,En condiciones,FRIOPAN,2024-05-24,No posee registro,2025-02-16,137,200g
126335,EMPANADAS DE QUESO Y CEBOLLA HORNEADAS CONGELADAS,773643,Fuera de las condiciones reglamentarias,Decreto 117/006 Resolución GMC 46/03 Art. 3.5.1. El contenido de sodio supera en más del 20% al declarado en la información nutricional. Decretos 272/018 y 34/021. De acuerdo al resultado analítico debe presentar rotulado frontal por exceso de sodio.,Fuera de condiciones,FRIOPAN,2024-05-24,1049/304,2024-11-05,036,200g
126335,EMPANADAS HORNEADAS ESPINACA CONGELADAS,773644,Fuera de las condiciones reglamentarias,Digesto Departamental Volumen VI Título II Art. D974. El producto no está registrado en el SRA. Decreto 117/006 Resolución GMC 46/03 art. 3.5.1. El contenido de sodio supera en más del 20% al declarado en la información nutricional. Decretos 272/018 y 34/021. De acuerdo al resultado analítico debe presentar rotulado frontal por exceso de sodio.,Fuera de condiciones,FRIOPAN,2024-05-24,No posee registro,2024-11-13,044,200g
126335,EMPANADAS DE JAMÓN Y QUESO HORNEADAS CONGELADAS,773642,Fuera de las condiciones reglamentarias,Decretos 272/018 y 34/021. Debe presentar rotulado frontal por exceso de sodio.,Fuera de condiciones,FRIOPAN,2024-05-24,1049/303,2025-02-16,136,200g
126336,LEHMEYUN,773645,Fuera de las condiciones reglamentarias,Digesto Departamental Volumen VI Tïtulo II Art. D974.2 y Resolución 4054/018 Art. 10. El registro del producto está vencido.,En condiciones,PANGIORNO,2024-05-24,974/31,2025-05-02,02-05-24,820g
126335,EMPANADAS DE POLLO HORNEADAS CONGELADAS,773640,La muestra analizada no presenta particularidades desde el punto de vista quimico para los parametros analizados,,En condiciones,FRIOPAN,2024-05-24,1049/301,2024-12-20,080,200g
126333,FIDEOS AL HUEVO,773630,La muestra analizada no presenta particularidades desde el punto de vista quimico para los parametros analizados,,En condiciones,PRECIO LÍDER,2024-05-23,4463/2819,2025-12-14,50 11 03:49,400 g
126333,Pasta seca de sémola de trigo duro,773629,La muestra analizada no presenta particularidades desde el punto de vista quimico para los parametros analizados,,En condiciones,LAS ACACIAS,2024-05-23,736/37,2026-03-13,11  11  11:54:33,400 g
126334,ACEITE DE GIRASOL,773637,Fuera de las condiciones reglamentarias,Digesto Departamental Volumen VI Título II Art. D974. Producto no registrado en el SRA,En condiciones,LEGITIMO,2024-05-23,No posee registro,2026-04-01,v:01-04-26 H:01:47:20 L:2092,900 mL
126334,ACEITE VIRGEN DE CANOLA,773639,Fuera de las condiciones reglamentarias,Digesto Departamental Volumen VI Título II Art. d974. Producto no registrado en el SRA. dado de baja el 28/06/2023,En condiciones,VIRGINIA SALVO,2024-05-23,23093/1,2025-01-31,221,500 mL
126333,PASTA SECA LAMINADA AL HUEVO (formas diversas),773631,La muestra analizada no presenta particularidades desde el punto de vista quimico para los parametros analizados,,En condiciones,DON GUSTO,2024-05-23,1403/46,2025-10-31,18  1635  L0424,400 g
126332,HARINA DE MAIZ,773625,Fuera de las condiciones reglamentarias,Digesto Departamenta Volumen VI Título II Art. D974.3 el producto no está registrado en el SRA.,En condiciones,DE MI TIERRA,2024-05-23,No posee registro,2025-03-31,L11032024,500 g
126333,FIDEOS SECOS DE SÉMOLA DE TRIGO CANDEAL,773632,La muestra analizada no presenta particularidades desde el punto de vista quimico para los parametros analizados,,En condiciones,ARCOR,2024-05-23,1409/8042,2025-06-26,1770 -G16:33,500 g
126333,FIDEOS SECOS,773633,La muestra analizada no presenta particularidades desde el punto de vista quimico para los parametros analizados,,En condiciones,COLOLO,2024-05-23,6227/98,2025-03-19,19.03.24,500 g
126332,HARINA DE MAIZ PARA PREPARAR POLENTA INSTANTANEA,773626,La muestra analizada no presenta particularidades desde el punto de vista quimico para los parametros analizados,,En condiciones,PRECIO LÍDER,2024-05-23,4463/2880,2024-10-31,10/23,400 g
126334,ACEITE DE GIRASOL DE ALTO CONTENIDO DE ÁCIDO OLEICO,773635,La muestra analizada no presenta particularidades desde el punto de vista quimico para los parametros analizados,,En condiciones,OPTIMO,2024-05-23,639/131,2026-01-25,env 25/01/24 07:40,900 mL
126333,Pasta seca de arroz y maiz sin gluten (Forma Personajes ),773628,La muestra analizada no presenta particularidades desde el punto de vista quimico para los parametros analizados,,En condiciones,URBANO,2024-05-23,6405/1356,2024-09-27,L83 M 11270923 B,500 g
126334,ACEITE DE MAÍZ,773638,La muestra analizada no presenta particularidades desde el punto de vista quimico para los parametros analizados,,En condiciones,RIO DE LA PLATA,2024-05-23,5529/240,2024-12-07,prod 081223 L1223:08:02 gpr 22,900 mL
126334,Aceite de girasol alto oleico orgánico,773636,La muestra analizada no presenta particularidades desde el punto de vista quimico para los parametros analizados,,En condiciones,CAMPO CLARO,2024-05-23,8345/1717,2025-11-30,Lote 011123,900 mL
126331,MORRONES EN VINAGRE,773622,La muestra analizada no presenta particularidades desde el punto de vista quimico para los parametros analizados,,En condiciones,BARCATTI,2024-05-21,1403/111,2025-02-28,2.25,340 g
126331,PICKLES EN VINAGRE,773623,Fuera de las condiciones reglamentarias,Digesto Departamental Volumen VI Título II Art. D974.2 y Resolución 4054/018 Art. 10. El registro del producto está vencido.,En condiciones,BARCATTI,2024-05-21,1403/128,2025-01-31,1.25,350g
126331,AJIES CATALANES EN VINAGRE,773624,La muestra analizada no presenta particularidades desde el punto de vista quimico para los parametros analizados,,En condiciones,BARCATTI,2024-05-21,1403/113,2025-03-30,03.25,300 g
126331,ESPARRAGOS BLANCOS EXTRA GRUESOS,773620,Fuera de las condiciones reglamentarias,Digesto Departamental Volumen VI Título II Art. D974. Producto no registrado en el SRA.,En condiciones,ALESVES,2024-05-21,No posee registro,2025-12-31,J09 L0119 551 3700/01090,660 g
126331,PEPINOS ACIDIFICADOS,773619,Fuera de las condiciones reglamentarias,Decreto 117/006 Resolución GMC 26/03 Art. 4. No presenta la información obligatoria en idioma español.,En condiciones,KRAKUS,2024-05-21,13426/217,2025-03-01,03.2025 14:22 L303201FAFK,920 g
126331,PICKLES EN VINAGRE,773621,Fuera de las condiciones reglamentarias,Digesto Departamental Volumen VI Título II Art. D974.2 y Resolución 4054/018 Art. 10. Registro del producto vencido.,En condiciones,BARCATTI,2024-05-21,1403/110,2024-04-01,460 424,450 g
127606,AVENA LAMINADA INSTANTANEA,773614,La muestra analizada no presenta particularidades desde el punto de vista quimico para los parametros analizados,,En condiciones,LA ABUNDANCIA,2024-05-20,394/179,2024-09-30,3283,1 kg
127610,Almidón de maíz - Libre de gluten,773616,La muestra analizada no presenta particularidades desde el punto de vista quimico para los parametros analizados,,En condiciones,MAIZENA,2024-05-20,25538/1197,2026-01-07,LK 4008 B1 08:26,500 g
127610,ALMIDON DE MAIZ,773617,Fuera de las condiciones reglamentarias,Digesto Departamental Art. D974 y Resolución 4064/18 Art. 10 el producto presenta su habilitación vencida desde 14/06/2022.,En condiciones,MONTE CUDINE,2024-05-20,1710/56,2024-12-12,L010623,400 g
127606,AVENA,773613,La muestra analizada no presenta particularidades desde el punto de vista quimico para los parametros analizados,,En condiciones,PURITAS,2024-05-20,1403/1007,2025-04-30,261448 L0424,800 g
127605,CAFÉ GLASEADO MOLIDO,773609,La muestra analizada no presenta particularidades desde el punto de vista quimico para los parametros analizados,,En condiciones,MONTESOL,2024-05-20,101/1,2024-07-04,0622,500g
127606,AVENA ARROLLADA,773615,La muestra analizada no presenta particularidades desde el punto de vista quimico para los parametros analizados,,En condiciones,DE DIEZ,2024-05-20,34945/22,2025-02-04,240301,1 kg
127605,CAFÉ SOLUBLE,773612,La muestra analizada no presenta particularidades desde el punto de vista quimico para los parametros analizados,,En condiciones,DE DIEZ,2024-05-20,1157/256,2026-03-01,01/03/26,170g
127605,CAFÉ INSTANTÁNEO,773608,La muestra analizada no presenta particularidades desde el punto de vista quimico para los parametros analizados,,En condiciones,SAINT CAFÉ,2024-05-20,1157/203,2025-03-15,15/03/25,204g
127605,CAFÉ TORRADO INSTANTÁNEO CON AZUCAR BLANCA LIBRE DE GLUTEN,773611,La muestra analizada no presenta particularidades desde el punto de vista quimico para los parametros analizados,,En condiciones,LA VIRGINIA,2024-05-20,1892/821,2026-07-24,24JUL26,170g
127605,CAFÉ MOLIDO NATURAL ¿ TOSTADO ¿ SIN AZÚCARES AGREGADOS,773610,La muestra analizada no presenta particularidades desde el punto de vista quimico para los parametros analizados,,En condiciones,MONTESOL,2024-05-20,101/25,2026-05-31,05/23,500g
127610,HARINA DE LINO,773618,Fuera de las condiciones reglamentarias,Digesto Departamental Art. D974 y Resolución 4064/18 Art. 10 el producto presenta su habilitación vencida desde 01/06/2022.,En condiciones,EL NARANJO,2024-05-20,1776/30,2024-11-01,6815,500 g
127605,Café instantáneo libre de gluten. SIN TACC,773607,La muestra analizada no presenta particularidades desde el punto de vista quimico para los parametros analizados,,En condiciones,NESCAFE,2024-05-20,49/1369,2025-03-01,30741210 14:03,200g
127599,PASTA SECA CON HUEVOS,773606,La muestra analizada no presenta particularidades desde el punto de vista quimico para los parametros analizados,,En condiciones,LAS ACACIAS,2024-05-17,736/1,2025-10-30,44  11  20:44:51,500 g
127599,FIDEOS SECOS,773602,La muestra analizada no presenta particularidades desde el punto de vista quimico para los parametros analizados,,En condiciones,PRECIO LÍDER,2024-05-17,4463/1516,2026-04-15,16  11  12:29,500 g
127599,PASTA SECA DE SÉMOLA DE TRIGO DURO,773605,La muestra analizada no presenta particularidades desde el punto de vista quimico para los parametros analizados,,En condiciones,LA MOLISANA,2024-05-17,4463/2262,2025-09-03,L 2246 MBP2  20:32 03  09,500 g
127599,FIDEOS SECOS DE SÉMOLA DE TRIGO CANDEAL,773603,La muestra analizada no presenta particularidades desde el punto de vista quimico para los parametros analizados,,En condiciones,ARCOR,2024-05-17,1409/8042,2025-06-26,L117D -C 15:20,500 g
127599,FIDEOS SECOS,773601,La muestra analizada no presenta particularidades desde el punto de vista quimico para los parametros analizados,,En condiciones,PRECIO LÍDER,2024-05-17,4463/1516,2026-04-10,15  11  15:08,500 g
127599,PASTA DE SEMOLA DE TRIGO DURO VARIAS FORMAS (SPAGHETTI. SPAGHETTINI. LINGUINE. VERMICELLI. FETTUCINE. PENNE RIGATE. FARFALLE. RIGATONI. FUSILLI. ELICOIDALI. GNOCCHI. DITALI. PATERNOSTRI),773604,La muestra analizada no presenta particularidades desde el punto de vista quimico para los parametros analizados,,En condiciones,DIVELLA,2024-05-17,8529/90,2025-12-31,31/12/2025,500 g
127604,Aceite de girasol,773598,La muestra analizada no presenta particularidades desde el punto de vista quimico para los parametros analizados,,En condiciones,URUGUAY,2024-05-15,639/245,2026-04-15,ENV.15/04/24 17:04,900 mL
127604,ACEITE DE MAIZ LIBRE DE GLUTEN,773595,La muestra analizada no presenta particularidades desde el punto de vista quimico para los parametros analizados,,En condiciones,ARCOR,2024-05-15,1409/894,2025-01-16,L16/01/2025 SP 10:31,900 mL
127604,ACEITE DE GIRASOL LIBRE DE GLUTEN,773597,La muestra analizada no presenta particularidades desde el punto de vista quimico para los parametros analizados,,En condiciones,NATURA,2024-05-15,5529/101,2025-12-05,05L:051223 13:33,900 mL
127604,Aceite refinado de Canola,773596,La muestra analizada no presenta particularidades desde el punto de vista quimico para los parametros analizados,,En condiciones,OPTIMO,2024-05-15,639/154,2026-04-06,ENV. 06/04/24 06:19,900 mL
127604,ACEITE DE MAÍZ,773600,Fuera de las condiciones reglamentarias,Digesto Departamental Volumen VI Título II Art. D974.2 y Resolución 4054/018 Art. 10. El registro del producto está vencido.,En condiciones,DELICIA,2024-05-15,639/31,2026-03-12,ENV. 12/03/24 12:14,900 mL
127604,Aceite de arroz refinado,773599,La muestra analizada no presenta particularidades desde el punto de vista quimico para los parametros analizados,,En condiciones,SAMAN,2024-05-15,181/130,2026-01-27,ENV 27/01/24 06:59,900 mL
127598,PICKLES EN AGUA. SAL Y VINAGRE,773592,La muestra analizada no presenta particularidades desde el punto de vista quimico para los parametros analizados,,En condiciones,DEL GAUCHO,2024-05-14,1622/10,2026-03-19,19.03.26,350 g
127598,HONGOS AL ESCABECHE,773593,La muestra analizada no presenta particularidades desde el punto de vista quimico para los parametros analizados,,En condiciones,DEL GAUCHO,2024-05-14,1622/15,2026-03-13,13.03.26,350 g
127598,ESPÁRRAGOS EN AGUA Y SAL,773594,La muestra analizada no presenta particularidades desde el punto de vista quimico para los parametros analizados,,En condiciones,EQUADOR,2024-05-14,11913/2342,2025-12-31,3700/01088 06/10/2022,330 g
127598,MORRONES EN AGUA. SAL Y VINAGRE,773591,La muestra analizada no presenta particularidades desde el punto de vista quimico para los parametros analizados,,En condiciones,DEL GAUCHO,2024-05-14,1622/13,2025-10-02,02.10.25,350 g
127598,Morrones en agua. sal y vinagre,773589,La muestra analizada no presenta particularidades desde el punto de vista quimico para los parametros analizados,,En condiciones,TA-TA,2024-05-14,18138/502,2025-04-27,L1,200 g
127598,Pickles en agua. sal y vinagre,773590,La muestra analizada no presenta particularidades desde el punto de vista quimico para los parametros analizados,,En condiciones,TA-TA,2024-05-14,18138/503,2025-04-27,L1,200 g
127593,AVENA LAMINADA LIBRE DE GLUTEN,773584,La muestra analizada no presenta particularidades desde el punto de vista quimico para los parametros analizados,,En condiciones,NITER,2024-05-13,31437/8,2025-03-31,ALFLG20324,500 g
127594,CAFE TOSTADO MOLIDO DESCAFEINADO,773582,La muestra analizada no presenta particularidades desde el punto de vista quimico para los parametros analizados,,En condiciones,ILLY,2024-05-13,19644/2,2024-06-30,140622,250g
127593,MAÍZ BLANCO PRECOCIDO Y MOLIDO,773585,La muestra analizada no presenta particularidades desde el punto de vista quimico para los parametros analizados,,En condiciones,MORIXE,2024-05-13,30841/46,2024-06-22,106,1 kg
127593,HARINA DE GARBANZO LIBRE DE GLUTEN,773583,La muestra analizada no presenta particularidades desde el punto de vista quimico para los parametros analizados,,En condiciones,NITER,2024-05-13,31437/7,2024-06-30,HGHLG310823,500 g
127594,Café tostado y molido libre de gluten Sin T.A.C.C.,773580,La muestra analizada no presenta particularidades desde el punto de vista quimico para los parametros analizados,,En condiciones,STARBUCKS,2024-05-13,49/1434,2025-04-03,40948774 14:53,250g
127593,Mezcla de maiz dulce (Libre de Gluten),773588,La muestra analizada no presenta particularidades desde el punto de vista quimico para los parametros analizados,,En condiciones,P.A.N.,2024-05-13,30800/5,2025-01-11,04 27 43,500 g
127593,HARINA DE MAIZ ORGANICA,773586,La muestra analizada no presenta particularidades desde el punto de vista quimico para los parametros analizados,,En condiciones,CAMPO CLARO,2024-05-13,8345/1312,2025-01-25,25/01/2025,500 g
127594,CAFÉ SOLUBLE DESCAFEINADO,773579,La muestra analizada no presenta particularidades desde el punto de vista quimico para los parametros analizados,,En condiciones,HAG,2024-05-13,11913/596,2025-06-30,LHB0132413 02:47,100g
127594,CAFÉ INSTANTÁNEO LIOFILIZADO ORGANICO,773578,La muestra analizada no presenta particularidades desde el punto de vista quimico para los parametros analizados,,En condiciones,CAMPO CLARO,2024-05-13,8345/1043,2026-11-24,022942340044802411,90g
127593,Harina de Maiz Amarilla pre-cocida (Libre de Gluten),773587,La muestra analizada no presenta particularidades desde el punto de vista quimico para los parametros analizados,,En condiciones,P.A.N.,2024-05-13,30800/3,2025-01-22,041900,1 kg
127594,Mezcla de Café soluble descafeinado liofilizado y café tostado,773577,La muestra analizada no presenta particularidades desde el punto de vista quimico para los parametros analizados,,En condiciones,JUAN VALDEZ,2024-05-13,18047/206,2025-03-08,2303F1032A,95g
126330,Empanadas de Jamón Cocido y Queso Crudas Supercongeladas,773571,La muestra analizada no presenta particularidades desde el punto de vista quimico para los parametros analizados,,En condiciones,TA-TA,2024-05-10,18138/25,2025-01-03,080424 07:35:36,210g
126330,Empanadas de carne crudas supercongeladas,773572,La muestra analizada no presenta particularidades desde el punto de vista quimico para los parametros analizados,,En condiciones,TA-TA,2024-05-10,18138/166,2024-12-02,70324 11:02:22,210g
126329,LASAÑA DE CREMA DE ESPINACA CONGELADA,773574,La muestra analizada no presenta particularidades desde el punto de vista quimico para los parametros analizados,,En condiciones,SADIA,2024-05-10,16331/391,2024-08-07,11/11/2023 16:41 l2,600g
126329,CAZUELA DE MONDONGO,773576,Fuera de las condiciones reglamentarias,Digesto Departamental Volumen VI Título II Art. D974. Producto no registrado en el SRA. Este informe sustituye el emitido el 28/05/2024.,En condiciones,SABOR Y SALSA,2024-05-10,No posee registro,2025-04-10,2025-04-10,500g
126329,LASAÑA MIX DE QUESOS,773575,Fuera de las condiciones reglamentarias,Digesto Departamental Volumen VI Título II Art. D974.2 y Resolución 4054/018 Art. 10. El registro del producto está vencido. Este informe sustituye el emitido el 28/05/2024.,En condiciones,SADIA,2024-05-10,16331/392,2024-08-06,10/11/2023 14:59 L2,600g
126329,Lasagna de carne y acelga cocida congelada,773573,La muestra analizada no presenta particularidades desde el punto de vista quimico para los parametros analizados,,En condiciones,BLÉ,2024-05-10,17200/16,2024-01-20,24050,1.5Kg
127309,POLENTA,773570,Fuera de las condiciones reglamentarias,Digesto Departamental Volumen VI Título II Art. D974 porque el producto no está registrado en el SRA.,En condiciones,PALADAR,2024-05-09,No posee registro,2024-09-30,32,400 g
126328,PASTA DE SEMOLA DE TRIGO DURO VARIAS FORMAS (SPAGHETTI. SPAGHETTINI. LINGUINE. VERMICELLI. FETTUCINE. PENNE RIGATE. FARFALLE. RIGATONI. FUSILLI. ELICOIDALI. GNOCCHI. DITALI. PATERNOSTRI),773569,La muestra analizada no presenta particularidades desde el punto de vista quimico para los parametros analizados,,En condiciones,DIVELLA,2024-05-09,8529/90,2025-12-31,L02NV C1,500 g
126327,FIDEOS SEMOLADOS,773566,La muestra analizada no presenta particularidades desde el punto de vista quimico para los parametros analizados,,En condiciones,ADRIA,2024-05-09,3052/24,2025-04-19,1 M1 02:51:30,500 g
126327,FIDEOS AL HUEVO. EN FORMATOS: FORATTTI. VERMICELLI. SPAGUETTI. MOÑAS. MOÑITAS. TIRABUZON,773567,La muestra analizada no presenta particularidades desde el punto de vista quimico para los parametros analizados,,En condiciones,ADRIA,2024-05-09,3052/1,2025-05-09,09/05/25 M1 09:44:41,500 g
126327,FIDEOS AL HUEVO,773568,Fuera de las condiciones reglamentarias,Digesto Departamental Art. D974 y Resolución 4064/18 Art. 10 porque la habilitación en el SRA está vencida desde el 27/11/2020.,En condiciones,DEMAS,2024-05-09,3052/35,2025-01-10,3 M2 11:30:05,500 g
126327,FIDEOS CON ESPINACA,773564,La muestra analizada no presenta particularidades desde el punto de vista quimico para los parametros analizados,,En condiciones,ADRIA,2024-05-09,3052/14,2025-03-12,1 M 1  16:12:40,500 g
126327,FIDEOS SECOS CON VERDURAS (ESPINACA.TOMATE Y SEMOLADO),773565,La muestra analizada no presenta particularidades desde el punto de vista quimico para los parametros analizados,,En condiciones,ADRIA,2024-05-09,3052/30,2025-02-02,1 M 2  12:59:10,500 g
126326,ACEITE DE SOJA,773561,La muestra analizada no presenta particularidades desde el punto de vista quimico para los parametros analizados,,En condiciones,REVELACIÓN,2024-05-08,25528/701,2025-01-22,LO124 13:45,900 mL
126326,ACEITE DE GIRASOL LIBRE DE GLUTEN,773558,La muestra analizada no presenta particularidades desde el punto de vista quimico para los parametros analizados,,En condiciones,RIO DE LA PLATA,2024-05-08,5529/1512,2025-11-15,*16L:131123 05:52,900 ml
126326,ACEITE DE GIRASOL,773560,La muestra analizada no presenta particularidades desde el punto de vista quimico para los parametros analizados,,En condiciones,FAMILIAR,2024-05-08,5529/1411,2026-02-09,*21L:200224,900 mL
126326,ACEITE DE SOJA,773562,Fuera de las condiciones reglamentarias,Digesto Departamental Volumen VI Tïtulo II Art. D974. El producto no está registrado en el SRA.,En condiciones,PRECIO LÍDER,2024-05-08,No posee registro,26-03-26,87/03/24 10:00,900 mL
126326,ACEITE DE SOJA,773563,La muestra analizada no presenta particularidades desde el punto de vista quimico para los parametros analizados,,En condiciones,TROFEO,2024-05-08,35050/102,2025-02-01,L0224 17:38,900 mL
126326,ACEITE GENUINO DE GIRASOL,773559,La muestra analizada no presenta particularidades desde el punto de vista quimico para los parametros analizados,,En condiciones,PRECIO LÍDER,2024-05-08,4463/1302,2026-04-17,17/04/24 09:51,900 mL
126325,ADEREZO CON PEPINILLOS AGRIDULCES,773544,La muestra analizada no presenta particularidades desde el punto de vista quimico para los parametros analizados,,En condiciones,KUHNE,2024-05-07,4463/1913,2024-12-28,28.09.2022 21422,350 g
126325,ALCAPARRAS EN AGUA. VINAGRE Y SAL,773543,La muestra analizada no presenta particularidades desde el punto de vista quimico para los parametros analizados,,En condiciones,LAS DELICIAS,2024-05-07,11913/909,2024-02-16,16-02-2024,100 g
126325,PEPINILLOS EN CONSERVA ACIDIFICADA,773545,La muestra analizada no presenta particularidades desde el punto de vista quimico para los parametros analizados,,En condiciones,PAULSEN,2024-05-07,11913/1508,2026-12-31,LL0722/13 11:50,330 g
126325,CEBOLLITAS EN VINAGRE,773542,Fuera de las condiciones reglamentarias,Digesto Departamental Volumen VI Título II Art. 974.2 y Resolución 4054/018 Art. 10. El registro del producto está vencido. Decreto 315/994 Art. 12.2.1. Tapa metálica en malas condiciones. Capítulo 20. Lista Positiva de Aditivos. En la lista de ingredientes declara acidulante ácido láctico no autorizado para encurtidos.,En condiciones,DEL GAUCHO,2024-05-07,1622/226,2025-05-31,08.05.25,300 g
126325,Cebollas en vinagre libre de gluten,773541,Fuera de las condiciones reglamentarias,Digesto Departamental Volumen VI Título II Art. D974.2 y Resolución 4054/018 Art. 10. Registro del producto vencido. Decreto 117/006 Resolución GMC 26/03 Art. 6.2.3. Se detecta conservador ácido sórbico no declarado en la lista de ingredientes.,En condiciones,ODERICH,2024-05-07,8345/26,2024-09-22,L:NNCSNSPCB0218220323,580 g
126325,MEZCLA DE VEGETALES EN CONSERVA ACIDIFICADA,773540,La muestra analizada no presenta particularidades desde el punto de vista quimico para los parametros analizados,,En condiciones,PAULSEN,2024-05-07,11913/1507,2024-12-31,L032/03 12:33,330 g
127580,Café tostado molido,773546,La muestra analizada no presenta particularidades desde el punto de vista quimico para los parametros analizados,,En condiciones,JUAN VALDEZ CUMBRE,2024-05-06,18047/263,2025-03-04,E1040923T6,250g
127580,CAFE GLASEADO MOLIDO,773550,La muestra analizada no presenta particularidades desde el punto de vista quimico para los parametros analizados,,En condiciones,AGUILA,2024-05-06,49/187,24-08-30,33178774 10:5,250g
127580,Café glaseado molido libre de gluten,773549,La muestra analizada no presenta particularidades desde el punto de vista quimico para los parametros analizados,,En condiciones,EL CHANA,2024-05-06,49/86,2024-11-30,40388774 08:33,250g
127579,Harina blanca de maiz precocida (libre de gluten),773537,La muestra analizada no presenta particularidades desde el punto de vista quimico para los parametros analizados,,En condiciones,P.A.N.,2024-05-06,30800/2,2024-12-02,041364,1 Kg
127579,HARINA DE MAIZ PRECOCIDA PARA PREPARAR POLENTA LIBRE DE GLUTEN,773535,La muestra analizada no presenta particularidades desde el punto de vista quimico para los parametros analizados,,En condiciones,ARCOR,2024-05-06,1409/135,2024-12-18,18/12/2024,500 g
127580,CAFÉ GLASEADO MOLIDO,773551,La muestra analizada no presenta particularidades desde el punto de vista quimico para los parametros analizados,,En condiciones,SAINT,2024-05-06,1157/4,2026-04-15,15.04.26,250g
127579,HARINA DE MAIZ AMARILLO PRECOCIDA,773538,La muestra analizada no presenta particularidades desde el punto de vista quimico para los parametros analizados,,En condiciones,MEGAREPA,2024-05-06,181/134,2024-10-30,L42J23a8303,1000 g
127580,CAFE EXTRA FUERTE TOSTADO Y MOLIDO SIN GLUTEN,773548,La muestra analizada no presenta particularidades desde el punto de vista quimico para los parametros analizados,,En condiciones,SENIOR,2024-05-06,7664/23,2025-07-15,A120124 1 T2 ER,250g
127579,HARINA DE MAIZ PARA PREPARAR POLENTA,773536,La muestra analizada no presenta particularidades desde el punto de vista quimico para los parametros analizados,,En condiciones,PURITAS,2024-05-06,1403/1001,2025-10-31,0424,450 g
127580,Café tostado y molido libre de gluten Sin T.A.C.C.,773547,La muestra analizada no presenta particularidades desde el punto de vista quimico para los parametros analizados,,En condiciones,STARBUCKS,2024-05-06,49/1437,2025-02-01,40618774 07:33,250g
127579,HARINA DE MAIZ BLANCA PRECOCIDA,773539,La muestra analizada no presenta particularidades desde el punto de vista quimico para los parametros analizados,,En condiciones,MEGAREPA,2024-05-06,181/133,2024-10-30,L41J23a8303,1 Kg
126323,PASTA SECA DE SEMOLA DE TRIGO DURO AL HUEVO,773533,Fuera de las condiciones reglamentarias,Decreto 117/006 Resolución GMC 26/03 Art. 4. el producto no presentra rotulación obligatoria en español y Art. 6.4.1 no presenta número de registro impreso en el envase ni datos del importador.,En condiciones,BARILLA,2024-05-04,9283/1319,2024-12-24,I12466143  A,250 g
126324,FIDEOS SECOS AL HUEVO,773529,Fuera de las condiciones reglamentarias,Decreto 117/006 Resolución GMC 26/03 Art. 6.2.3. Se detecta colorante tartrazina no declarado en la lista de ingredientes. Digesto Departamental Art. D974 y Art. 10 de la Resolución 4054/18 reglamentaria de dicho artículo. El registro del producto está vencido desde el 29/11/2021.,En condiciones,DON GIULIO,2024-05-04,2048/1,2024-12-31,Vto. 12/2024,1 Kg
126323,PASTA DE SÉMOLA DE TRIGO DURO,773530,La muestra analizada no presenta particularidades desde el punto de vista quimico para los parametros analizados,,En condiciones,AGNESI,2024-05-04,11913/1550,2025-06-20,L143171,500 g
126323,PASTA SECA DE SEMOLA DE TRIGO DURO (ELICHE. RUOTE. RADIATORI),773531,La muestra analizada no presenta particularidades desde el punto de vista quimico para los parametros analizados,,En condiciones,COLAVITA,2024-05-04,3106/14108,2027-02-01,L4032 20:53,500 g
126323,Pasta seca al huevo,773534,Fuera de las condiciones reglamentarias,Decreto 117/006 Resolución GMC 26/03 Art. 5 el producto presenta dos denominaciones de venta en el envase. Art.6.4.1. El número de registro que figura en el rótulo no es el correspondiente al producto.,En condiciones,PASTA MONTEGRAPPA,2024-05-04,23893/360,2025-01-28,L23209  22:48,250 g
126323,PASTA ALIMENTICIA DE SEMOLA DE TRIGO DURO(VARIAS FORMAS),773532,La muestra analizada no presenta particularidades desde el punto de vista quimico para los parametros analizados,,En condiciones,COLAVITA,2024-05-04,3106/14110,2026-04-18,L3108  23:43,500 g
126321,CANELONES DE VERDURA. PRODUCTO CONGELADO,773525,La muestra analizada no presenta particularidades desde el punto de vista quimico para los parametros analizados,,En condiciones,BUFFET,2024-05-03,941/10107,2024-09-05,3248,360 g
126321,LASAGNA DE CARNE. JAMÓN Y QUESO. PRODUCTO CONGELADO.,773524,La muestra analizada no presenta particularidades desde el punto de vista quimico para los parametros analizados,,En condiciones,BUFFET,2024-05-03,941/10179,2024-05-25,3145,1200 g
126321,FEIJOADA (CONGELADA),773527,Fuera de las condiciones reglamentarias,Digesto Departamental Volumen VI Título II Art. D974.2 y Resolución 4054/018 Art. 10. El registro del producto está vencido. Este informe sustituye el emitido el 28/05/2024.,En condiciones,BUFFET,2024-05-03,941/10178,2024-08-27,3300,800 g
126322,CORAZONES DE ALCAUCILES EN ACEITE DE GIRASOL,773520,La muestra analizada no presenta particularidades desde el punto de vista quimico para los parametros analizados,,En condiciones,COLAVITA,2024-05-03,3106/14413,2025-11-08,L23312,340 g
126321,FILETES VEGETALES PRODUCTO COCIDO CONGELADO,773528,La muestra analizada no presenta particularidades desde el punto de vista quimico para los parametros analizados,,En condiciones,SEITAN,2024-05-03,1725/18,2025-01-30,L129,500 g
126322,PEPINILLOS EN AGUA. SAL Y VINAGRE,773519,La muestra analizada no presenta particularidades desde el punto de vista quimico para los parametros analizados,,En condiciones,DELICIAS,2024-05-03,11913/2694,2026-06-12,12-06-2023,360 g
126321,Cazuela de Mondongo,773523,Fuera de las condiciones reglamentarias,Digesto Departamental Volumen VI Título II Art. D974.2 y Resolución 4054/018 Art. 10. El registro del producto está vencido. Este informe sustituye el emitido el 28/05/2024.,En condiciones,BUFFET,2024-05-03,941/94110179,2025-01-26,4086,800g
126321,CAPELETTIS A LA CARUSSO,773526,Fuera de las condiciones reglamentarias,Digesto Departamental Volumen VI Título II Art. D974.2 y Resolución 4054/018 Art. 10. El registro del producto está vencido. Este informe sustituye el emitido el 28/05/2024.,En condiciones,BUFFET,2024-05-03,941/10051,2024-11-07,4067,450 g
126318,ACEITE COMESTIBLE. CORTE DE 95% GIRASOL. 5% MAÍZ,773517,La muestra analizada no presenta particularidades desde el punto de vista quimico para los parametros analizados,,En condiciones,OPTIMO,2024-05-02,639/3,2026-04-04,04/04/24 13:54,900 mL
126319,Aceite de soja,773521,La muestra analizada no presenta particularidades desde el punto de vista quimico para los parametros analizados,,En condiciones,DEMÁS,2024-05-02,639/210,2024-04-27,env.27/04/24 10:34,900 mL
126318,ACEITE GENUINO DE SOJA,773515,La muestra analizada no presenta particularidades desde el punto de vista quimico para los parametros analizados,,En condiciones,CONDESA,2024-05-02,639/7,2026-05-02,env.02/05/2024 09:31,900 mL
126319,Aceite de girasol,773522,La muestra analizada no presenta particularidades desde el punto de vista quimico para los parametros analizados,,En condiciones,DEMÁS,2024-05-02,639/237,2026-04-17,env: 17/04/24 09:02,900 mL
126320,HONGOS EN ESCABECHE,773514,La muestra analizada no presenta particularidades desde el punto de vista quimico para los parametros analizados,,En condiciones,BARCATTI,2024-05-02,1403/1126,2024-09-30,44,400 g
126320,MORRONES EN VINAGRE,773513,La muestra analizada no presenta particularidades desde el punto de vista quimico para los parametros analizados,,En condiciones,BARCATTI,2024-05-02,1403/1125,2025-09-30,51,400 g
126318,ACEITE REFINADO DE SOJA,773518,La muestra analizada no presenta particularidades desde el punto de vista quimico para los parametros analizados,,En condiciones,DE DIEZ,2024-05-02,34945/41,2026-04-11,env.11/04/2024 11:48,900 mL
126318,Aceite de girasol,773516,La muestra analizada no presenta particularidades desde el punto de vista quimico para los parametros analizados,,En condiciones,URUGUAY,2024-05-02,639/245,2026-04-15,env 15/04/24 15:,900 mL
126317,HONGOS EN VINAGRE,773506,Fuera de las condiciones reglamentarias,Digesto Departamental Volumen VI Título II Art. 974.2 y Resolución 4054/018 Art. 10. Registro del producto vencido. Decretos 272/018 y 34/021. De acuerdo a lo declarado en la información nutricional debe presentar rotulado frontal por exceso de sodio.,Fuera de condiciones,DON DOMINGO,2024-04-30,1688/15,2025-04-18,18/04/2025,1.55kg
126317,PICKLES EN VINAGRE,773505,Fuera de las condiciones reglamentarias,Digesto Departamental Volumen VI Título II. Producto no registrado en el SRA.,En condiciones,DON DOMINGO,2024-04-30,No posee registro,2025-09-19,19/09/2025,1.55kg
126315,HARINA DE ARVEJA,773501,Fuera de las condiciones reglamentarias,Digesto Departamental Volumen VI Título II Art. D974 ni el producto fraccionado ni el granel están registrados en el SRA.,En condiciones,EL GRANERO,2024-04-29,No posee registro,2025-04-20,20/04/2025,900 g
126314,CAFE DESCAFEINADO INSTANTÁNEO,773496,La muestra analizada no presenta particularidades desde el punto de vista quimico para los parametros analizados,,En condiciones,SAINT CAFÉ,2024-04-29,1157/206,2025-07-15,15/07/25,100g
126314,Café tostado y molido,773498,La muestra analizada no presenta particularidades desde el punto de vista quimico para los parametros analizados,,En condiciones,TERRA VERDE,2024-04-29,26508/32,2024-06-30,JUN2024,250g
126314,Café Glaseado Instantáneo,773495,La muestra analizada no presenta particularidades desde el punto de vista quimico para los parametros analizados,,En condiciones,CAFÉ BAHÍA,2024-04-29,3820/21,2025-06-30,03,100g
126315,HARINA DE FONIO,773500,Fuera de las condiciones reglamentarias,Digesto Departamental Volumen VI Título II Art. D974 ni el producto fraccionado ni el granel están registrados en el SRA.,En condiciones,EL GRANERO,2024-04-29,No posee registro,2024-10-17,17/10/2024,500 g
126314,CAFÉ GLASEADO MOLIDO,773497,La muestra analizada no presenta particularidades desde el punto de vista quimico para los parametros analizados,,En condiciones,CAFÉ BAHÍA,2024-04-29,3820/3,2024-08-31,01022,250g
126316,HARINA DE ARROZ,773504,La muestra analizada no presenta particularidades desde el punto de vista quimico para los parametros analizados,,En condiciones,EL GRANERO,2024-04-29,19976/467,2025-02-26,26/02/2025,900 g
126314,Café soluble granulado sin gluten,773499,La muestra analizada no presenta particularidades desde el punto de vista quimico para los parametros analizados,,En condiciones,SENIOR,2024-04-29,7664/9,2026-09-12,L017182310019251209,100g
126315,HARINA DE SOBA,773503,Fuera de las condiciones reglamentarias,Digesto Departamental Volumen VI Título II Art. D974 ni el producto fraccionado ni el granel están registrados en el SRA.,En condiciones,EL GRANERO,2024-04-29,No posee registro,2025-05-22,22/05/2025,1 kg
126315,HARINA DE ALMENDRAS,773502,Fuera de las condiciones reglamentarias,Digesto Departamental Volumen VI Título II Art. D974 ni el producto fraccionado ni el granel están registrados en el SRA.,En condiciones,EL GRANERO,2024-04-29,No posee registro,2025-04-01,11/04/2025,500 g
126314,CAFÉ TOSTADO MOLIDO SIN AZUCAR AGREGADA,773494,La muestra analizada no presenta particularidades desde el punto de vista quimico para los parametros analizados,,En condiciones,SAINT,2024-04-29,1157/31,2025-06-01,01/06/25,500g
126312,Lentejones,773488,La muestra analizada no presenta particularidades desde el punto de vista quimico para los parametros analizados,,En condiciones,REVELACIÓN,2024-04-27,25528/611,2026-03-14,14 MHR 39,400 g
126310,Arroz elaborado pulido tipo largo fino grado 1,773485,La muestra analizada no presenta particularidades desde el punto de vista quimico para los parametros analizados,,En condiciones,SAMAN,2024-04-27,181/13,2024-05-29,03763,1 kg
126311,Mayonesa reducida en contenido en grasa con jugo de limón,773491,La muestra analizada no presenta particularidades desde el punto de vista quimico para los parametros analizados,,En condiciones,URUGUAY,2024-04-27,638/126,24-07-10,17756 21:17,2900cm3/2.89Kg
126309,Primer jugo bovino,773493,La muestra analizada no presenta particularidades desde el punto de vista quimico para los parametros analizados,,En condiciones,TACUAREMBO,2024-04-27,5122/103,2024-07-07,07/07/2024,400 g
126311,MAYONESA REDUCIDA EN VALOR LIPÍDICO LIBRE DE GLUTEN CON JUGO DE LIMÓN,773490,La muestra analizada no presenta particularidades desde el punto de vista quimico para los parametros analizados,,En condiciones,NATURA,2024-04-27,5529/1638,24-08-11,161123 17112M,2900cm3/2.755Kg
126308,POROTOS MANTECA,773492,La muestra analizada no presenta particularidades desde el punto de vista quimico para los parametros analizados,,En condiciones,EMIGRANTE,2024-04-27,4817/1350,2025-04-30,230426,500 g
126310,Arroz elaborado pulido tipo largo ancho grado 1 variedad Carnaroli,773486,La muestra analizada no presenta particularidades desde el punto de vista quimico para los parametros analizados,,En condiciones,SAMAN,2024-04-27,181/48,2024-10-01,05319,1 kg
126310,Arroz pulido largo fino grado 1,773487,La muestra analizada no presenta particularidades desde el punto de vista quimico para los parametros analizados,,En condiciones,TA-TA,2024-04-27,18138/85,2024-11-05,05812,1 kg
126312,LENTEJONES,773489,La muestra analizada no presenta particularidades desde el punto de vista quimico para los parametros analizados,,En condiciones,TA-TA,2024-04-27,18138/61,2026-01-31,4082,450 g
126307,Arroz elaborado pulido grano largo ancho grado 1,773477,La muestra analizada no presenta particularidades desde el punto de vista quimico para los parametros analizados,,En condiciones,SAMAN,2024-04-26,181/2,2024-07-26,04496,1 Kg
126307,ARROZ MEDIO GRANO,773479,La muestra analizada no presenta particularidades desde el punto de vista quimico para los parametros analizados,,En condiciones,PRECIO LÍDER,2024-04-26,4463/1657,2025-03-30,2409013,1 kg
127572,Galletitas sin sal agregada,773482,La muestra analizada no presenta particularidades desde el punto de vista quimico para los parametros analizados,,En condiciones,EL TRIGAL,2024-04-26,1435/75,2025-01-16,L: 4108  11:03,315g
127572,GALLETITAS MALTEADAS SIN SAL AGREGADA,773483,La muestra analizada no presenta particularidades desde el punto de vista quimico para los parametros analizados,,En condiciones,FAMOSA,2024-04-26,6828/421,2024-08-03,L 2333 5 07:49 T5  D2,300g
126307,ARROZ PARBOILED GRANO LARGO FINO-GRADO1,773478,La muestra analizada no presenta particularidades desde el punto de vista quimico para los parametros analizados,,En condiciones,PRECIO LÍDER,2024-04-26,4463/1444,2026-01-23,24,1 kg
126307,ARROZ PULIDO GRANO CORTO GRADO 1,773481,La muestra analizada no presenta particularidades desde el punto de vista quimico para los parametros analizados,,En condiciones,MIROKUMAI,2024-04-26,16713/3,2024-12-02,1615,1 kg
127572,GALLETITAS CON HARINA DE MAÍZ,773484,La muestra analizada no presenta particularidades desde el punto de vista quimico para los parametros analizados,,En condiciones,MAESTRO CUBANO,2024-04-26,3074/414,2024-09-08,E 08 04 24,300g
126307,Arroz elaborado pulido corto grado 1,773480,La muestra analizada no presenta particularidades desde el punto de vista quimico para los parametros analizados,,En condiciones,SAMAN,2024-04-26,181/52,2025-02-28,07011,1 Kg
126304,GALLETA INTEGRAL,773466,Fuera de las condiciones reglamentarias,Digesto Departamental Volumen VI Título II Art. D974. El producto no está registrado en el SRA. Decretos 272/018 y 34/021. De acuerdo a lo declarado en la información nutricional debe presentar rotulado frontal por exceso de grasas totales y de sodio.,Fuera de condiciones,ISABELA,2024-04-25,20588/380,2024-07-09,C 191 23 B01 1 11:53,350g
127571,Aderezo con jugo de limón libre de glúten,773469,La muestra analizada no presenta particularidades desde el punto de vista quimico para los parametros analizados,,En condiciones,DELICIA,2024-04-25,638/134,24-07-07,17738 10:05,500cm3/500g
126305,LENTEJONES,773464,La muestra analizada no presenta particularidades desde el punto de vista quimico para los parametros analizados,,En condiciones,DE DIEZ,2024-04-25,34945/3,2025-10-31,240304,1Kg
126304,GALLETA SALADA,773465,La muestra analizada no presenta particularidades desde el punto de vista quimico para los parametros analizados,,En condiciones,ISABELA,2024-04-25,20588/369,2024-07-16,C 198 23 B03 2 12:29,350g
127571,MAYONESA REDUCIDA EN CALORIAS Y EN CONTENIDO LIPIDICO,773470,La muestra analizada no presenta particularidades desde el punto de vista quimico para los parametros analizados,,En condiciones,DELICIA LIGHT,2024-04-25,638/132,24-08-04,17874 22:32,350cm3/348g
126304,GALLETAS CRACKERS,773467,La muestra analizada no presenta particularidades desde el punto de vista quimico para los parametros analizados,,En condiciones,PORTEZUELO,2024-04-25,12/1067,,L002,500g
126305,Lentejas,773463,La muestra analizada no presenta particularidades desde el punto de vista quimico para los parametros analizados,,En condiciones,IDEAL,2024-04-25,5529/1806,2024-12-28,362.M:11,200 g
127571,Salsa tipo Mayonesa,773468,Fuera de las condiciones reglamentarias,Decreto 117/006 Resolución GMC 117/006 Art. 6.4.1. En el rótulo no figuran datos de importador (nombre. dirección y número de registro). Decreto 197/999 Art.1.  Contenido de materia grasa es inferior al mínimo establecido. Decretos 272/018 y 34/021. De acuerdo al contenido de sodio debe presentar rotulado frontal por exceso de sodio.,Fuera de condiciones,COCAMAR,2024-04-25,30791/128,24-05-14,502340E,500g/480mL
127735,ALFAJOR RELLENO CON DULCE DE LECHE CON COBERTURA SABOR CHOCOLATE BLANCO,773884,La muestra analizada no presenta particularidades desde el punto de vista quimico para los parametros analizados,,En condiciones,PRECIO LÍDER,2024-04-22,4463/2832,2024-10-13,L 197 E9 06:58:09,60 g
127735,ALFAJOR RELLENO DE DULCE DE LECHE CON BAÑO DE MERENGUE,773887,La muestra analizada no presenta particularidades desde el punto de vista quimico para los parametros analizados,,En condiciones,DE LAS SIERRAS DE MINAS,2024-04-22,15409/1,2024-08-05,21- 358/5318,65 g
127735,ALFAJOR CON RELLENO TIPO MOUSSE DE CHOCOLATE CON COBERTURA DE CHOCOLATE CON LECHE,773885,La muestra analizada no presenta particularidades desde el punto de vista quimico para los parametros analizados,,En condiciones,MILKA,2024-04-22,6828/575,2026-04-05,PP09624083  05:38 M03,55 g
127735,ALFAJOR RELLENO CON DULCE DE LECHE CON BAÑO DE REPOSTERÍA,773883,La muestra analizada no presenta particularidades desde el punto de vista quimico para los parametros analizados,,En condiciones,TERRABUSI,2024-04-22,6828/349,2024-10-10,PP13124082 17:43 M01,70 g
127735,Alfajor con relleno a base de leche y maní cubierto con chocolate con leche,773882,La muestra analizada no presenta particularidades desde el punto de vista quimico para los parametros analizados,,En condiciones,ARCOR,2024-04-22,1409/6269,2024-12-20,M52 1 355  12:38,240 g
127735,ALFAJOR RELLENO DE DULCE DE LECHE CON COBERTURA SIMIL CHOCOLATE,773886,La muestra analizada no presenta particularidades desde el punto de vista quimico para los parametros analizados,,En condiciones,NATIVO,2024-04-22,1244/194,2024-08-29,V LOTE  171,80 g
126302,Arroz orgánico integral tipo largo fino grado 1,773462,La muestra analizada no presenta particularidades desde el punto de vista quimico para los parametros analizados,,En condiciones,CAMPO CLARO,2024-04-19,8345/124,2025-02-21,25 68 23,1 kg
127308,MAYONESA REDUCIDA EN GRASAS,773460,Fuera de las condiciones reglamentarias,Decretos 272/018 y 34/021. De acuerdo a lo declarado en la información nutricional y  los resultados analíticos debe presentar rotulado frontal con octógonos por exceso de grasas y de sodio.,Fuera de condiciones,ODERICH,2024-04-19,8345/353,2025-04-08,08042 13:22,200g/200mL
126302,Arroz orgánico pulido tipo largo fino grado 1,773461,La muestra analizada no presenta particularidades desde el punto de vista quimico para los parametros analizados,,En condiciones,CAMPO CLARO,2024-04-19,8345/1024,2025-02-16,25 66 23,1 kg
127304,Mayonesa reducida en valor lipídico Libre de gluten,773458,La muestra analizada no presenta particularidades desde el punto de vista quimico para los parametros analizados,,En condiciones,TA-TA,2024-04-18,18138/129,24-09-15,18038 00:50,500cm3/498g
127304,Aderezo a base de aceite con ajo - Libre de gluten,773459,La muestra analizada no presenta particularidades desde el punto de vista quimico para los parametros analizados,,En condiciones,HELLMANN'S,2024-04-18,25538/1283,24-08-09,LH3318P31 13:00,340g
127304,MAYONESA REDUCIDA EN VALOR LIPÍDICO,773457,Fuera de las condiciones reglamentarias,Digesto Departamental Volumen VI Título II Art. D974. Producto no registrado en el SRA.,En condiciones,COLOLO,2024-04-18,No posee registro,24-09-26,31/01/24 P2MP,200g
126949,Mayonesa - libre de gluten,773455,La muestra analizada no presenta particularidades desde el punto de vista quimico para los parametros analizados,,En condiciones,HELLMANN'S,2024-04-18,25538/1246,24-07-14,LH3292 V1 23:22,940g/1000mL
127307,Arroz pulido largo fino grado 1,773454,La muestra analizada no presenta particularidades desde el punto de vista quimico para los parametros analizados,,En condiciones,TA-TA,2024-04-18,18138/85,2024-11-03,05812,1 kg
126948,Mayonesa reducida en contenido en grasa con jugo de limón,773456,La muestra analizada no presenta particularidades desde el punto de vista quimico para los parametros analizados,,En condiciones,URUGUAY,2024-04-18,638/126,24-07-14,17769,125cm3/124g
127565,LENTEJA,773452,Fuera de las condiciones reglamentarias,Decreto 315/994 Art. 1.2.8. Se detecta presencia de elementos extraños.,En condiciones,SUNSET,2024-04-17,35050/123,2024-12-31,IM 1847 L4/22,1 Kg
127565,POROTOS DE MANTECA,773448,La muestra analizada no presenta particularidades desde el punto de vista quimico para los parametros analizados,,En condiciones,RIO DE LA PLATA,2024-04-17,5529/1630,2024-06-09,160.M.11,500 g
127565,POROTOS NEGROS,773451,La muestra analizada no presenta particularidades desde el punto de vista quimico para los parametros analizados,,En condiciones,LA ABUNDANCIA,2024-04-17,394/87,2025-11-30,4080,500 g
127565,POROTOS PALLARES,773450,La muestra analizada no presenta particularidades desde el punto de vista quimico para los parametros analizados,,En condiciones,LA ABUNDANCIA,2024-04-17,394/1203,2025-08-31,4032,500 g
127565,LENTEJONES,773449,La muestra analizada no presenta particularidades desde el punto de vista quimico para los parametros analizados,,En condiciones,RIO DE LA PLATA,2024-04-17,5529/1626,2025-11-28,332.M:11,400 g
127561,GALLETAS SALADAS,773445,La muestra analizada no presenta particularidades desde el punto de vista quimico para los parametros analizados,,En condiciones,TIENDA INGLESA,2024-04-16,3106/780,,L: 40CO H:14:02 M:8004,300g
127561,GALLETA CON HARINA INTEGRAL,773444,Fuera de las condiciones reglamentarias,Decreto 117/006 Resolución GMC 46/03 Art. 3.5.1. El contenido de grasas saturadas excede en más del 20% a lo declarado en la información nutricional.,En condiciones,VALLE DEL SOL,2024-04-16,3106/853,2024-07-28,MFG 28/02/24,220g
127561,GALLETAS CON CHIA,773443,Fuera de las condiciones reglamentarias,Decreto 117/006 Resolución GMC 46/03 Art. 3.5.1. El contenido de sodio supera en más de 20% al declarado en la información nutricional. Decretos 272/018 y 34/021. Por los resultados analíticos obtenidos debe presentar rotulado frontal por exceso de sodio.,Fuera de condiciones,REGITAS,2024-04-16,1819/6,2024-07-14,CÓD. 0152,200g
127561,GALLETITAS CON HARINA INTEGRAL,773442,La muestra analizada no presenta particularidades desde el punto de vista quimico para los parametros analizados,,En condiciones,GRANIX,2024-04-16,556/175,2024-08-07,07/ago/2024 07:21C,185g
127561,GALLETITAS SALADAS CON SALVADO Y SEMILLAS DE CHIA. LINO. SÉSAMO. SÉSAMO NEGRO. GIRASOL. MIJO. AMARANTO Y QUINOA.,773446,La muestra analizada no presenta particularidades desde el punto de vista quimico para los parametros analizados,,En condiciones,MAZZEI,2024-04-16,22655/128,2024-11-07,Lot.:07 11 23,465g
127561,Galletas Malteadas,773447,La muestra analizada no presenta particularidades desde el punto de vista quimico para los parametros analizados,,En condiciones,LA CELESTINA,2024-04-16,1435/289,2024-11-07,4038 M2D,350g
127349,ARROZ ELABORADO PARBOILED GRANO LARGO FINO GRADO 1,773433,La muestra analizada no presenta particularidades desde el punto de vista quimico para los parametros analizados,,En condiciones,BLUE PATNA,2024-04-12,10035/9,2026-03-15,2407502,500 g
127349,ARROZ BLANCO PULIDO LARGO FINO GRADO 5,773429,La muestra analizada no presenta particularidades desde el punto de vista quimico para los parametros analizados,,En condiciones,COOPAR,2024-04-12,10035/66,2025-03-04,2406409,1 kg
127349,ARROZ ELABORADO PULIDO GRANO LARGO FINO GRADO 1,773432,La muestra analizada no presenta particularidades desde el punto de vista quimico para los parametros analizados,,En condiciones,COOPAR,2024-04-12,10035/15,2025-03-22,2408222,500 g
127349,ARROZ ELABORADO PULIDO GRANO LARGO FINO GRADO 1,773431,La muestra analizada no presenta particularidades desde el punto de vista quimico para los parametros analizados,,En condiciones,EL DORADO,2024-04-12,35766/1,2025-01-13,2401307,1 kg
127349,Arroz elaborado pulido grano largo fino grado 1,773428,La muestra analizada no presenta particularidades desde el punto de vista quimico para los parametros analizados,,En condiciones,PRECIO LÍDER,2024-04-12,4463/1658,2025-01-12,2401220,1 kg
127349,ARROZ ELABORADO PULIDO GRANO LARGO FINO GRADO 1,773434,La muestra analizada no presenta particularidades desde el punto de vista quimico para los parametros analizados,,En condiciones,BLUE PATNA,2024-04-12,10035/1,2025-03-06,2406621,500 g
127349,ARROZ ELABORADO PULIDO GRANO LARGO FINO GRADO 3,773430,La muestra analizada no presenta particularidades desde el punto de vista quimico para los parametros analizados,,En condiciones,COOPAR,2024-04-12,10035/7,2025-03-07,2406722,1 kg
127348,GALLETAS,773425,La muestra analizada no presenta particularidades desde el punto de vista quimico para los parametros analizados,,En condiciones,LA TRIGUEÑA,2024-04-11,10969/26,2024-09-26,L:25641 08:50,220g
127348,GALLETITAS,773422,La muestra analizada no presenta particularidades desde el punto de vista quimico para los parametros analizados,,En condiciones,BAGLEY,2024-04-11,1409/7356,2024-07-23,5A 93 363 17:16,303g
127348,GALLETAS,773424,La muestra analizada no presenta particularidades desde el punto de vista quimico para los parametros analizados,,En condiciones,LA TRIGUEÑA,2024-04-11,10969/25,2024-07-27,L: 25377 09:35,220g
127348,GALLETITAS AL AGUA,773420,La muestra analizada no presenta particularidades desde el punto de vista quimico para los parametros analizados,,En condiciones,FAMOSA,2024-04-11,6828/419,2024-09-11,L 24009 21:34,140g
127346,LENTEJONES,773426,La muestra analizada no presenta particularidades desde el punto de vista quimico para los parametros analizados,,En condiciones,METRO,2024-04-11,394/7,2025-02-28,3356,450 g
127348,GALLETAS CON CEREALES,773423,La muestra analizada no presenta particularidades desde el punto de vista quimico para los parametros analizados,,En condiciones,LA TRIGUEÑA,2024-04-11,10969/373,2024-07-13,L: 25237 08:18,420g
127346,LENTEJAS,773427,La muestra analizada no presenta particularidades desde el punto de vista quimico para los parametros analizados,,En condiciones,METRO,2024-04-11,394/514,2025-04-30,3264,450 g
127347,GRASA VACUNA REFINADA,773419,Fuera de las condiciones reglamentarias,Digesto Departamental Volumen Vi Título II Art. D974.2 y Resolución 4054/018 Art. 10. La habilitación del producto está vencida.,En condiciones,SAN JACINTO,2024-04-11,10471/15,2025-03-31,090324,400g
127348,GALLETAS CON SALVADO,773421,Fuera de las condiciones reglamentarias,Decretos 272/018 y 34/021. De acuerdo a lo declarado en la información nutricional y el resultado analítico debe presentar rotulado frontal con octógono por exceso de grasas totales.,Fuera de condiciones,EL TRIGAL,2024-04-11,1435/53,2024-10-23,4023 G180,230g
127343,GARBANZOS,773416,La muestra analizada no presenta particularidades desde el punto de vista quimico para los parametros analizados,,En condiciones,EMIGRANTE,2024-04-10,4817/1340,2024-07-31,25330,400 g
127344,MAYONESA REDUCIDA  EN VALOR LIPÍCO. SIN GLUTEN. CON JUGO DE LIMÓN,773417,La muestra analizada no presenta particularidades desde el punto de vista quimico para los parametros analizados,,En condiciones,NATURA,2024-04-10,5529/1137,24-07-06,111023 0240 3B,250cm3/237g
127343,POROTOS ALUBIA,773415,La muestra analizada no presenta particularidades desde el punto de vista quimico para los parametros analizados,,En condiciones,LA ABUNDANCIA,2024-04-10,394/381,2024-05-31,3215,500 g
127343,LENTEJAS PELADAS,773414,La muestra analizada no presenta particularidades desde el punto de vista quimico para los parametros analizados,,En condiciones,LA ABUNDANCIA,2024-04-10,394/98,2025-02-28,3355,450 g
127344,MAYONESA REDUCIDA EN VALOR LIPIDICO. LIBRE DE GLUTEN,773418,La muestra analizada no presenta particularidades desde el punto de vista quimico para los parametros analizados,,En condiciones,MAYOLIVA,2024-04-10,5529/1434,24-05-15,200823 0534 1V4,250cm3/237g
127342,MAYONESA REDUCIDA EN VALOR LIPIDICO,773413,Fuera de las condiciones reglamentarias,Digesto Departamental Volumen VI Título II Art. D974.2 y Resolución 4054/018 Art. 10. Producto con la habilitación vencida.,En condiciones,MANLEY´S  YOUNG,2024-04-09,25528/369,24-04-18,240723 0344 2V1,1000cm3/950g
127342,MAYONESA REDUCIDO EN VALOR LIPIDICO CON JUGO DE LIMON.  45 % DE REDUCCION DE LIPIDOS,773412,La muestra analizada no presenta particularidades desde el punto de vista quimico para los parametros analizados,,En condiciones,MANLEY`S CLASICO,2024-04-09,25528/158,24-07-06,111023 1216 3V6,500cm3/475g
127336,Arroz elaborado pulido tipo largo fino grado 1,773402,La muestra analizada no presenta particularidades desde el punto de vista quimico para los parametros analizados,,En condiciones,SAMAN,2024-04-05,181/12,2025-02-06,06705,1 kg
127336,Arroz elaborado pulido largo fino grado 3,773398,La muestra analizada no presenta particularidades desde el punto de vista quimico para los parametros analizados,,En condiciones,SAMAN,2024-04-05,181/70,2025-02-26,07010,1 kg
127336,Arroz elaborado pulido tipo largo fino grado 2,773403,La muestra analizada no presenta particularidades desde el punto de vista quimico para los parametros analizados,,En condiciones,ALDEA,2024-04-05,181/174,2025-03-15,07097,1 kg
127336,ARROZ ELABORADO PULIDO TIPO LARGO FINO GRADO 1,773399,La muestra analizada no presenta particularidades desde el punto de vista quimico para los parametros analizados,,En condiciones,VALLE DEL SOL,2024-04-05,3106/754,2024-10-12,05328,1 kg
127336,Arroz elaborado pulido tipo largo fino grado 4,773400,La muestra analizada no presenta particularidades desde el punto de vista quimico para los parametros analizados,,En condiciones,ARUBA,2024-04-05,181/17,2024-12-27,06455,1 kg
127337,GRASA VACUNA,773397,Fuera de las condiciones reglamentarias,Digesto Departamental Volumen VI Título II Art. D974. Producto no registrado en el SRA.,En condiciones,COLOLO,2024-04-05,No posee registro,2024-07-27,27/07/2024,400g
127336,Arroz parboiled pulido tipo largo fino grado 4,773404,La muestra analizada no presenta particularidades desde el punto de vista quimico para los parametros analizados,,En condiciones,ARUBA,2024-04-05,181/25,2024-03-07,07095,1 kg
127336,Arroz parboiled pulido tipo largo fino grado 1,773405,La muestra analizada no presenta particularidades desde el punto de vista quimico para los parametros analizados,,En condiciones,SAMAN,2024-04-05,181/53,2025-03-27,07351,1 kg
127336,Arroz elaborado pulido tipo largo fino grado único,773401,La muestra analizada no presenta particularidades desde el punto de vista quimico para los parametros analizados,,En condiciones,SAMAN,2024-04-05,181/9,2025-03-10,07080,1 kg
126947,SALSA PARA ENSALADAS A BASE DE ACEITE,773396,La muestra analizada no presenta particularidades desde el punto de vista quimico para los parametros analizados,,En condiciones,COOSUR,2024-04-04,11913/2643,2025-01-26,02624,430mL
127333,GALLETITAS AL AGUA,773391,La muestra analizada no presenta particularidades desde el punto de vista quimico para los parametros analizados,,En condiciones,FAMOSA,2024-04-03,6828/1146,2024-09-11,L: 240 09 08:40 C3 07,420g
127333,GALLETAS AL AGUA,773389,La muestra analizada no presenta particularidades desde el punto de vista quimico para los parametros analizados,,En condiciones,PRECIO LÍDER,2024-04-03,4463/2818,2024-09-27,L: 3362 H:16:20,400g
127333,GALLETITAS,773390,La muestra analizada no presenta particularidades desde el punto de vista quimico para los parametros analizados,,En condiciones,FAMOSA,2024-04-03,6828/417,2024-07-03,L 23304 08:40 C307,420g
127332,LENTEJONES,773388,Fuera de las condiciones reglamentarias,Decreto 315/994 Art. 1.2.8. Se detecta presencia de tierra y otras partículas extrañas.,En condiciones,LA ABUNDANCIA,2024-04-03,394/6,2025-02-28,3346,1 kg
127333,GALLETITAS CON HARINA INTEGRAL Y SEMILLAS DE LINO,773394,La muestra analizada no presenta particularidades desde el punto de vista quimico para los parametros analizados,,En condiciones,GRANIX,2024-04-03,556/152,2024-10-26,L: 26/ OCT/2024 14:18(V),185g
127334,GRASA VACUNA VIRGEN,773395,Fuera de las condiciones reglamentarias,Digesto Departamental Volumen VI Título II Art. D974. Producto no registrado en el SRA. Decreto 80/019 Art. 17.2.5. Valores de acidez libre y de materia volátil a 105ºC superiores al límite establecido.,En condiciones,COMSA,2024-04-03,No posee registro,2025-03-19,000603659,400g
127333,GALLETITAS CON SEMILLAS DE SESAMO Y HARINA INTEGRAL,773393,La muestra analizada no presenta particularidades desde el punto de vista quimico para los parametros analizados,,En condiciones,GRANIX,2024-04-03,556/174,2024-10-23,L: 23/OCT/2024 13:10 C,185g
127333,GALLETITAS DE SALVADO,773392,La muestra analizada no presenta particularidades desde el punto de vista quimico para los parametros analizados,,En condiciones,FAMOSA,2024-04-03,6828/1120,2024-07-02,L: 233 03 06:38 C3C7,310g
127335,Mayonesa - libre de gluten,773381,La muestra analizada no presenta particularidades desde el punto de vista quimico para los parametros analizados,,En condiciones,HELLMANN'S,2024-04-03,25538/1244,24-05-18,LH3235P31 08:11,320g/340mL
127332,POROTOS FRUTILLA,773386,Fuera de las condiciones reglamentarias,Decreto 315/994 Art. 1.2.8. Se detecta presencia de insectos y una piedra.,En condiciones,EMIGRANTE,2024-04-03,4817/1351,2004-12-31,23780,500 g
127332,LENTEJAS,773385,La muestra analizada no presenta particularidades desde el punto de vista quimico para los parametros analizados,,En condiciones,EL EMIGRANTE,2024-04-03,4817/1138,2024-12-31,24167,400 g
127332,GARBANZOS,773384,La muestra analizada no presenta particularidades desde el punto de vista quimico para los parametros analizados,,En condiciones,RIO DE LA PLATA,2024-04-03,5529/1624,2026-01-22,022.M:11,400 g
127335,Mayonesa reducida en valor lipídico 57%-libre de gluten,773382,La muestra analizada no presenta particularidades desde el punto de vista quimico para los parametros analizados,,En condiciones,HELLMANN'S,2024-04-03,25538/1250,24-09-12,LH3352M1 15:23,250cm3/237g
127332,POROTOS FRUTILLA,773387,La muestra analizada no presenta particularidades desde el punto de vista quimico para los parametros analizados,,En condiciones,LA ABUNDANCIA,2024-04-03,394/115,2025-06-30,4004,1 kg
127335,Mayonesa reducida 78% en valor lipídico reducida en calorías - Libre de gluten,773383,La muestra analizada no presenta particularidades desde el punto de vista quimico para los parametros analizados,,En condiciones,HELLMANN'S,2024-04-03,25538/1270,24-06-27,LH3275M1 22:33,250cm3/237g
127329,GRASA VACUNA VIRGEN,773373,La muestra analizada no presenta particularidades desde el punto de vista quimico para los parametros analizados,,En condiciones,MANTEX,2024-04-01,20730/11,2025-03-17,170323,400g
127329,GRASA VACUNA REFINADA,773372,La muestra analizada no presenta particularidades desde el punto de vista quimico para los parametros analizados,,En condiciones,URUGUAY,2024-04-01,638/117,2025-03-11,002927 09:36:51 HsM1,400 g
127330,grasa vacuna refinada,773374,La muestra analizada no presenta particularidades desde el punto de vista quimico para los parametros analizados,,En condiciones,CARDAMA,2024-04-01,31136/1,2025-07-27,280723 07:30,10Kg
127326,HUEVO DE CHOCOLATE SEMIAMARGO. CON POSTRE A BASE DE PASTA DE MANÍ CON CACAO,773367,Fuera de las condiciones reglamentarias,Decreto 117/006 Resolución GMC 46/03 Art. 3.5.1. El contenido de grasas saturadas supera en más del 20% al declarado en la información nutricional.,En condiciones,MANTECOL,2024-03-21,5429/1921,2024-11-30,L24F26,200 g
127326,Chocolate con leche con avellanas y bombones de chocolate con leche con relleno cremoso con avellanas,773370,La muestra analizada no presenta particularidades desde el punto de vista quimico para los parametros analizados,,En condiciones,FERRERO ROCHER,2024-03-21,23504/306,2024-05-15,L 352T16J--B,225 g
127327,Harina de trigo 000 enriquecida con hierro y ácido fólico,773361,La muestra analizada no presenta particularidades desde el punto de vista quimico para los parametros analizados,,En condiciones,HARINÍSIMA PRIMOROSA,2024-03-21,10422/70,2024-06-04,04122023 10 14:44:58,1 kg
127326,Huevo de chocolate blanco con galletitas sabor chocolate. No contiene gluten,773369,La muestra analizada no presenta particularidades desde el punto de vista quimico para los parametros analizados,,En condiciones,DIVINE,2024-03-21,18211/2788,2024-12-31,DEZ/2024,215 g
127326,HUEVO DE CHOCOLATE SEMIAMARGO SIN AZÚCARES AGREGADOS Y CHOCOLATE BLANCO SIN AZÚCARES AGREGADOS,773364,La muestra analizada no presenta particularidades desde el punto de vista quimico para los parametros analizados,,En condiciones,TIENDA INGLESA,2024-03-21,3106/998,2024-10-26,L 40226/1,200 g
127327,HARINA DE TRIGO -TIPO 0000- ENRIQUECIDA CON HIERRO Y ÁCIDO FOLICO,773359,La muestra analizada no presenta particularidades desde el punto de vista quimico para los parametros analizados,,En condiciones,TIENDA INGLESA,2024-03-21,3106/650,2024-07-09,09012024 10 14:41:06,1 kg
127326,HUEVO DE CHOCOLATE BLANCO CON CHOCOLATE SEMIAMARGO,773365,La muestra analizada no presenta particularidades desde el punto de vista quimico para los parametros analizados,,En condiciones,TIENDA INGLESA,2024-03-21,3106/997,2024-10-15,L 40215/1,200 g
127326,Huevo de chocolate con leche 37% cacao. No contiene gluten.,773368,La muestra analizada no presenta particularidades desde el punto de vista quimico para los parametros analizados,,En condiciones,DIVINE,2024-03-21,18211/2783,2024-12-31,DEZ/2024,100 g
127328,bebida sin alcohol gasificada dietética de extractos vegetales bajas calorías,773363,La muestra analizada no presenta particularidades desde el punto de vista quimico para los parametros analizados,,En condiciones,PEPSI,2024-03-21,1987/387,2024-06-11,U4037L11821,1L
127326,HUEVO DE CHOCOLATE CON LECHE AROMATIZADO CON VAINILLINA. RELLENO CON HUEVITOS DE CHOCOLATE CON LECHE RELLENOS CON MOUSSE DE CHOCOLATE.,773366,La muestra analizada no presenta particularidades desde el punto de vista quimico para los parametros analizados,,En condiciones,AGUILA,2024-03-21,1409/8478,2025-07-31,L: SL DV 3 296 N6T2,200 g
127326,HUEVO DE CHOCOLATE CON LECHE RELLENO CON BOMBONES,773371,La muestra analizada no presenta particularidades desde el punto de vista quimico para los parametros analizados,,En condiciones,GAROTO,2024-03-21,164/1524,2024-06-30,30/06/2024,200 g
127327,Harina de trigo integral,773362,La muestra analizada no presenta particularidades desde el punto de vista quimico para los parametros analizados,,En condiciones,BELZA,2024-03-21,32321/33,2024-08-21,21022024 9 10:51:25,1 kg
127327,Harina de trigo tipo 00 fortificada con hierro y ácido fólico,773360,La muestra analizada no presenta particularidades desde el punto de vista quimico para los parametros analizados,,En condiciones,HARINÍSIMA LA PUREZA,2024-03-21,10422/71,2024-07-04,03/01/24 8 18:42:12,1 kg
127325,Harina de trigo enriquecida con hierro y acido fólico tipo 00,773356,La muestra analizada no presenta particularidades desde el punto de vista quimico para los parametros analizados,,En condiciones,AIDA,2024-03-20,1403/12,2025-02-28,0224,1 kg
127325,Mezcla leudante a base de harina de trigo,773357,La muestra analizada no presenta particularidades desde el punto de vista quimico para los parametros analizados,,En condiciones,BLANCA NIEVES,2024-03-20,1403/1031,2024-12-31,0324,800 g
127324,HARINA PASTERA,773358,Fuera de las condiciones reglamentarias,Digesto Departamental Volumen VI Título II Art. D974. Producto no registrado en el SRA,En condiciones,MOLINOS SAN JOSE,2024-03-20,10422/815,2024-08-31,060224,1.5 kg
127322,GALLETAS,773354,La muestra analizada no presenta particularidades desde el punto de vista quimico para los parametros analizados,,En condiciones,LA TRIGUEÑA,2024-03-19,10969/161,2024-06-25,25031 09:24,275 g
127322,GALLETA GRAMADA -MATERRIKAS-,773352,Fuera de las condiciones reglamentarias,Digesto Departamental Volumen VI Título II Art. D974.2 y Resolución 4054/18 Art. 10. El registro del producto está vencido.,En condiciones,LA BANDERITA,2024-03-19,975/7,2024-06-29,24061,300 g
127322,GALLETA MARINA,773355,La muestra analizada no presenta particularidades desde el punto de vista quimico para los parametros analizados,,En condiciones,PORTEZUELO,2024-03-19,12/738,2024-04-01,E011123,300 g
127322,Galletas,773351,La muestra analizada no presenta particularidades desde el punto de vista quimico para los parametros analizados,,En condiciones,EL TRIGAL,2024-03-19,1435/56,2025-01-28,4028 23:52,350g
127322,Galletas saladas con salvado y semillas de chía. lino. sésamo negro. sésamo blanco. girasol. mijo. amaranto y quinoa.,773350,La muestra analizada no presenta particularidades desde el punto de vista quimico para los parametros analizados,,En condiciones,MAESTRO CUBANO,2024-03-19,3074/2444,2024-12-26,260224,375g
127322,GALLETAS,773353,La muestra analizada no presenta particularidades desde el punto de vista quimico para los parametros analizados,,En condiciones,LA TRIGUEÑA,2024-03-19,10969/151,2024-06-24,25027 11:13,300 g
127321,Conejo de baño de repostería con cacao con juguete sorpresa,773340,La muestra analizada no presenta particularidades desde el punto de vista quimico para los parametros analizados,,En condiciones,ANL CHOCO,2024-03-15,26483/94,2025-11-15,3191 AV 912 ge,912 g
127448,HUEVITOS DE CHOCOLATE CON LECHE AROMATIZADOS CON LECHE Y VAINILLA RELLENOS CON MANI Y CEREAL CROCANTE,773341,La muestra analizada no presenta particularidades desde el punto de vista quimico para los parametros analizados,,En condiciones,BON O BON,2024-03-15,1409/7782,2025-07-31,SL K2 3 333 08:18,468 g
127448,HUEVO DE BAÑO DE REPOSTERÍA CON LECHE Y BAÑO DE REPOSTERÍA CON LECHE CONFITADO RELLENO CON BAÑO DE REPOSTERÍA CON LECHE CONFITADO,773342,La muestra analizada no presenta particularidades desde el punto de vista quimico para los parametros analizados,,En condiciones,TA-TA,2024-03-15,1409/8054,2024-09-30,LP240161,220 g
127321,Huevo de baño de repostería con cacao con juguete sorpresa,773338,La muestra analizada no presenta particularidades desde el punto de vista quimico para los parametros analizados,,En condiciones,ANL CHOCO,2024-03-15,26483/93,2024-07-17,0171,600 g
127448,Huevo de chocolate con leche aromatizado con vainillina y chocolate con leche confitado. relleno con chocolate con leche confitado,773343,La muestra analizada no presenta particularidades desde el punto de vista quimico para los parametros analizados,,En condiciones,ROCKLETS,2024-03-15,1409/6830,2025-07-31,61400353500,125 g
127321,Huevo de baño de repostería con cacao con juguete sorpresa,773337,La muestra analizada no presenta particularidades desde el punto de vista quimico para los parametros analizados,,En condiciones,ANL CHOCO,2024-03-15,26483/99,2024-11-21,3251,1440 g
127321,Huevo de baño de repostería con cacao con juguete sorpresa,773339,La muestra analizada no presenta particularidades desde el punto de vista quimico para los parametros analizados,,En condiciones,ANL CHOCO,2024-03-15,26483/101,2024-11-04,04/11/2025,1035 g
127320,HARINA DE TRIGO TIPO 0000  (PASTERA TIPO A)  FORTIFICADA CON HIERRO Y ACIDO FÓLICO,773330,La muestra analizada no presenta particularidades desde el punto de vista quimico para los parametros analizados,,En condiciones,CAÑUELAS,2024-03-14,2877/2,2025-01-13,2025-01-13,1 kg
127320,HARINA DE TRIGO ACONDICIONADA TIPO 0 (PASTERA TIPO B) fortificada con hierrro y acido folico,773331,La muestra analizada no presenta particularidades desde el punto de vista quimico para los parametros analizados,,En condiciones,CAÑUELAS,2024-03-14,2877/113,2025-01-13,2025-01-13,1 kg
127320,HARINA DE TRIGO PASTERA TIPO A SIN FORTIFICAR,773332,Fuera de las condiciones reglamentarias,Digesto Departamental Volumen VI Título II Art. D974.2 y Resolución 4054/018 Art. 10. el registro del producto está vencido.,En condiciones,CAÑUELAS,2024-03-14,2877/112,2025-01-12,2025-01-12,1 kg
127320,HARINA DE TRIGO tipo 0000 ACONDICIONADA PARA PANIFICACION. .  PASTERA TIPO A  FORTIFICADA CON HIERRO Y ÁCIDO FÓLICO,773334,La muestra analizada no presenta particularidades desde el punto de vista quimico para los parametros analizados,,En condiciones,CAÑUELAS,2024-03-14,2877/13,2025-01-14,2025-01-14,1 kg
127320,HARINA DE TRIGO GALLETERA TIPO A FORTIFICADA CON HIERRO Y ÁCIDO FÓLICO,773336,La muestra analizada no presenta particularidades desde el punto de vista quimico para los parametros analizados,,En condiciones,CAÑUELAS,2024-03-14,2877/26,2025-01-07,2025-01-07,1 kg
127320,HARINA DE TRIGO ACONDICIONADA PANADERA TIPO A FORTIFICADA CON HIERRO Y ACIDO FOLICO,773335,Fuera de las condiciones reglamentarias,Digesto Departamental Volumen VI Título II Art. D974.2 y Resolución 4054/018 Art. 10. La habilitación del producto está vencida.,En condiciones,MOLINO CAÑUELAS,2024-03-14,2877/30,2025-01-14,2025-01-14,1 kg
127320,HARINA DE TRIGO TIPO 0000 FORTIFICADA CON HIERRO Y ACIDO FOLICO,773333,La muestra analizada no presenta particularidades desde el punto de vista quimico para los parametros analizados,,En condiciones,CAÑUELAS,2024-03-14,2877/12,2025-01-06,2025-01-06,1 kg
127319,Galletitas saladas,773327,Fuera de las condiciones reglamentarias,Decreto 117/006 Resolución GMC 26/03 Art. 6.4.1. El número de registro del producto no figura en el rótulo.,En condiciones,RACINE,2024-03-13,18211/2066,24-08-28,879,180 g
127319,GALLETITAS SALADAS AL AGUA,773324,La muestra analizada no presenta particularidades desde el punto de vista quimico para los parametros analizados,,En condiciones,MAESTRO CUBANO,2024-03-13,3074/2380,2024-07-10,100923,300g
127319,GALLETAS DE MAÍZ HORNEADAS. LIBRE DE GLUTEN,773329,La muestra analizada no presenta particularidades desde el punto de vista quimico para los parametros analizados,,En condiciones,SANISSIMO 100%,2024-03-13,3074/222,24-09-22,PEL121201 12:47,216 g
127319,GALLETITAS CON SEMILLAS DE SESAMO. LINO. AMARANTO. CHIA Y QUINOA,773325,La muestra analizada no presenta particularidades desde el punto de vista quimico para los parametros analizados,,En condiciones,PASEO,2024-03-13,2877/147,24-10-05,L071023 22:57 (1),300 g
127319,GALLETITAS CRACKER,773328,Fuera de las condiciones reglamentarias,Digesto Departamental Volumen VI Título II Art. D974.2 y Resolución 4054/018 Art. 10. El registro del producto está vencida.,En condiciones,NATURALMENTE GRANIX,2024-03-13,556/331,24-04-02,03/ABR/2024 01:00M,135 g
127319,GALLETITAS SALADAS CON ESPINACA,773326,Fuera de las condiciones reglamentarias,Decreto 117/006 Resolución GMC 26/03 Art. 6.4.1. No presenta número de registro. el que figura en el rótulo correspond a otro producto.,En condiciones,PASEO,2024-03-13,2877/373,24-08-10,15123 19:43 (87A),150 g
127447,BEBIDA ANALCOHOLICA REDUCIDA EN AZÚCARES GASIFICADA SABOR COLA,773323,La muestra analizada no presenta particularidades desde el punto de vista quimico para los parametros analizados,,En condiciones,NIX,2024-03-12,18280/208,24-05-14,L015C,2 L
127447,BEBIDA SABOR COLA,773322,Fuera de las condiciones reglamentarias,Digesto Departamental Volumen VI Título II Art. D74. Producto no registrado en el SRA.,En condiciones,NIX,2024-03-12,No posee registro,24-05-15,L016CC,2 L
127318,Bebida analcohólica gasificada dietética sabor Cola,773312,La muestra analizada no presenta particularidades desde el punto de vista quimico para los parametros analizados,,En condiciones,TA-TA,2024-03-11,18138/276,2024-06-27,T2612 13:24,2L
127318,BEBIDA SIN ALCOHOL DIETETICA GASIFICADA CON EXTRACTOS VEGETALES,773314,La muestra analizada no presenta particularidades desde el punto de vista quimico para los parametros analizados,,En condiciones,COCA - COLA,2024-03-11,485/477,2024-05-24,CS624FEB241633PCR,1.5 L
127318,Bebida analcohólica gasificada con extractos vegetales sabor cola,773313,La muestra analizada no presenta particularidades desde el punto de vista quimico para los parametros analizados,,En condiciones,TA-TA,2024-03-11,18138/211,2024-07-30,T2901 09:20,600 mL
127318,BEBIDA SIN ALCOHOL GASIFICADA DE EXTRACTOS VEGETALES,773315,La muestra analizada no presenta particularidades desde el punto de vista quimico para los parametros analizados,,En condiciones,COCA - COLA,2024-03-11,485/3130,24-07-29,CC20102413,354 mL
127316,HUEVO DE CHOCOLATE BLANCO AROMATIZADO CON VAINILLINA. RELLENO CON CHOCOLATE CON LECHE CONFITADO Y HUEVITO DE CHOCOLATE CON LECHE RELLENO CON MANÍ Y CEREAL CROCANTE.,773307,La muestra analizada no presenta particularidades desde el punto de vista quimico para los parametros analizados,,En condiciones,BON O BON,2024-03-08,1409/8476,2025-07-31,SL DV3 262 N5T3,110 g
127316,HUEVO DE BAÑO DE REPOSTERÍA CON LECHE Y BAÑO DE REPOSTERÍA CON LECHE CONFITADO RELLENO CON BAÑO DE REPOSTERÍA CON LECHE CONFITADO,773306,La muestra analizada no presenta particularidades desde el punto de vista quimico para los parametros analizados,,En condiciones,ROCKLETS,2024-03-08,1409/8049,2024-09-30,LBP 240233,220 g
127316,CHOCOLATE CON LECHE,773310,La muestra analizada no presenta particularidades desde el punto de vista quimico para los parametros analizados,,En condiciones,SIN  MARCA,2024-03-08,23893/923,2025-10-31,546273,125 g
127316,CHOCOLATE CON LECHE AROMATIZADO CON VAINILLINA. RELLENO CON  CHOCOLATE CON LECHE CONFITADO.,773309,La muestra analizada no presenta particularidades desde el punto de vista quimico para los parametros analizados,,En condiciones,BON O BON,2024-03-08,1409/8268,2025-07-31,C2 3 346 T1,110 g
127316,HUEVO DE CHOCOLATE CON LECHE CON MANI CON AROMATIZANTE IDENTICO AL NATURAL VAINILLINA,773305,La muestra analizada no presenta particularidades desde el punto de vista quimico para los parametros analizados,,En condiciones,SHOT,2024-03-08,6828/1666,2024-06-30,CC 34023221 D6 11:51,210g
127316,HUEVO DE CHOCOLATE AMARGO,773304,La muestra analizada no presenta particularidades desde el punto de vista quimico para los parametros analizados,,En condiciones,ARCOR INSPIRATION,2024-03-08,1409/8497,2024-09-30,LBP 233522,190 g
127317,AGUA MINERAL NATURAL SIN GAS,773311,La muestra analizada no presenta particularidades desde el punto de vista quimico para los parametros analizados,,En condiciones,SALUS,2024-03-08,10748/12,2024-06-30,060324 11 24,20 Litros
127316,HUEVO DE SIMIL CHOCOLATE BLANCO CON TROCITOS DE GALLETITAS SABOR CACAO,773303,La muestra analizada no presenta particularidades desde el punto de vista quimico para los parametros analizados,,En condiciones,MILKA,2024-03-08,6828/1353,2024-06-30,C35123222 D7 22:38,156 g
127316,HUEVO DE CHOCOLATE CON LECHE AROMATIZADO CON VAINILLINA RELLENO CON HUEVITOS DE CHOCOLATE CON LECHE CON RELLENO MANI Y CEREAL CROCANTE. Y CHOCOLATE CON LECHE CONFITADO.,773308,La muestra analizada no presenta particularidades desde el punto de vista quimico para los parametros analizados,,En condiciones,BON O BON,2024-03-08,1409/8474,2025-07-03,3LDV 3 300 NST3,210 g
127315,GALLETITAS,773300,La muestra analizada no presenta particularidades desde el punto de vista quimico para los parametros analizados,,En condiciones,ARCOR,2024-03-07,1409/7458,2024-06-15,M34322,105g
127315,GALLETITAS,773297,La muestra analizada no presenta particularidades desde el punto de vista quimico para los parametros analizados,,En condiciones,LIA,2024-03-07,1409/7454,2024-05-24,M33 300 22:56,315g
127315,GALLETITAS SALADAS,773299,La muestra analizada no presenta particularidades desde el punto de vista quimico para los parametros analizados,,En condiciones,MAZZEI,2024-03-07,22655/84,2024-11-22,LOT: 22/11/23,110g
127315,GALLETITAS CON HARINA INTEGRAL,773298,La muestra analizada no presenta particularidades desde el punto de vista quimico para los parametros analizados,,En condiciones,CEREALITAS,2024-03-07,6828/1774,2024-05-30,L 33223 M4EM,636g
127315,Galletitas saladas sabor manteca,773302,La muestra analizada no presenta particularidades desde el punto de vista quimico para los parametros analizados,,En condiciones,SALKIM,2024-03-07,18211/1253,2024-09-08,0811233,90g
127315,Galletitas Saladas sabor Pizza,773301,La muestra analizada no presenta particularidades desde el punto de vista quimico para los parametros analizados,,En condiciones,SALKIM,2024-03-07,18211/1251,2024-10-06,0612233,90g
127314,HARINA DE TRIGO TIPO 00 FORTIFICADA CON HIERRO Y ÁCIDO FÓLICO SEGUN DECRETO 130/006,773285,La muestra analizada no presenta particularidades desde el punto de vista quimico para los parametros analizados,,En condiciones,VILLA BLANCA,2024-03-06,32321/5,2024-08-21,21/02/2024,1 kg
127314,HARINA DE TRIGO 0000 ENRIQUECIDA CON HIERRO Y ÁCIDO FÓLICO,773286,La muestra analizada no presenta particularidades desde el punto de vista quimico para los parametros analizados,,En condiciones,ADRIA,2024-03-06,3052/23,2024-08-16,H 09:57:06,1 kg
127314,Harina de trigo fortificada tipo 00 fortificada con hierro y ácido fólico,773284,La muestra analizada no presenta particularidades desde el punto de vista quimico para los parametros analizados,,En condiciones,MAXI HARINA,2024-03-06,673/46,2024-07-09,L09012024 10,1 kg
127314,HARINA DE TRIGO TIPO (0000) FORTIFICADA CON HIERRO Y ÁCIDO FÓLICO,773289,La muestra analizada no presenta particularidades desde el punto de vista quimico para los parametros analizados,,En condiciones,COLOLO,2024-03-06,6227/110,2024-09-11,L11012024 9,1 kg
127314,Harina de trigo fortificada con hierro y acido fólico tipo 0000,773290,La muestra analizada no presenta particularidades desde el punto de vista quimico para los parametros analizados,,En condiciones,PURITAS,2024-03-06,1403/1011,2024-09-30,0923,1 kg
127314,HARINA FORTIFICADA CON HIERRO Y ÁCIDO FÓLICO TIPO 00,773287,La muestra analizada no presenta particularidades desde el punto de vista quimico para los parametros analizados,,En condiciones,LAS ACACIAS,2024-03-06,736/152,2024-10-20,102023 C,1 kg
127314,Harina leudante fortificada con hierro y ácido fólico,773288,La muestra analizada no presenta particularidades desde el punto de vista quimico para los parametros analizados,,En condiciones,TA-TA,2024-03-06,18138/420,2024-06-26,2608,1 kg
127517,Bebida sin alcohol dietética de extractos vegetales bajas caloría,773283,La muestra analizada no presenta particularidades desde el punto de vista quimico para los parametros analizados,,En condiciones,PEPSI,2024-03-05,1987/262,2024-06-02,U4034L21116,500mL
127517,BEBIDA SIN ALCOHOL GASIFICADA DE EXTRACTOS VEGETALES,773279,La muestra analizada no presenta particularidades desde el punto de vista quimico para los parametros analizados,,En condiciones,COCA - COLA,2024-03-05,485/41,2024-04-19,CS519FEB240118,600mL
127517,bebida sin alcohol gasificada de extractos vegetales. 33% reducido en calorías,773281,La muestra analizada no presenta particularidades desde el punto de vista quimico para los parametros analizados,,En condiciones,PEPSI,2024-03-05,1987/348,2024-06-04,U4036L20106,500mL
127517,BEBIDA SIN ALCOHOL DIETÉTICA GASIFICADA DE EXTRACTOS VEGETALES CON SABOR FRUTAL.... ....,773280,La muestra analizada no presenta particularidades desde el punto de vista quimico para los parametros analizados,,En condiciones,COCA - COLA,2024-03-05,485/270,2024-04-21,CS521FEB241830PCR,600mL
127517,BEBIDA SIN ALCOHOL DIETETICA GASIFICADA DE EXTRACTOS VEGETALES,773278,La muestra analizada no presenta particularidades desde el punto de vista quimico para los parametros analizados,,En condiciones,COCA - COLA LIGHT,2024-03-05,485/4325,2024-04-17,CS517FEB24173PCR,600mL
127517,bebida sin alcohol dietética gasificada de extractos vegetales.,773282,La muestra analizada no presenta particularidades desde el punto de vista quimico para los parametros analizados,,En condiciones,PEPSI LIGHT,2024-03-05,1987/60,2024-06-05,U4037L21139,500mL
127513,Simil chocolate semiamargo,773270,La muestra analizada no presenta particularidades desde el punto de vista quimico para los parametros analizados,,En condiciones,NESTLE,2024-03-01,49/1329,2024-04-03,L:30939265C5 16:03,80 g
127513,CHOCOLATE BLANCO CON CEREALES CROCANTES Y PASAS,773275,La muestra analizada no presenta particularidades desde el punto de vista quimico para los parametros analizados,,En condiciones,GAROTO,2024-03-01,164/1063,2024-05-06,P:06/05/2023 L:312612943 1 20:,85 g
127513,CHOCOLATE AMARGO,773276,La muestra analizada no presenta particularidades desde el punto de vista quimico para los parametros analizados,,En condiciones,CEMOI,2024-03-01,No posee registro,2024-09-30,L3089 03:30 B,100 g
127513,CHOCOLATE CON LECHE,773274,La muestra analizada no presenta particularidades desde el punto de vista quimico para los parametros analizados,,En condiciones,LINDT,2024-03-01,11913/1961,2024-12-03,1643 04/09/2023,100 g
127513,CHOCOLATE CON LECHE CON CASTAÑAS DE CAJU Y PASAS DE UVA,773269,La muestra analizada no presenta particularidades desde el punto de vista quimico para los parametros analizados,,En condiciones,GAROTO,2024-03-01,164/2406,2024-08-05,L321712941G 2 00:27,80 g
127513,CHOCOLATE PARA TAZA. LIBRE DE GLUTEN,773273,La muestra analizada no presenta particularidades desde el punto de vista quimico para los parametros analizados,,En condiciones,HAAS,2024-03-01,665/70,2025-02-28,230830,120 g
127513,CHOCOLATE CON LECHE RELLENO CON DULCE DE LECHE,773277,La muestra analizada no presenta particularidades desde el punto de vista quimico para los parametros analizados,,En condiciones,MILKA,2024-03-01,6828/962,2024-08-28,08:11 L3321236 28/08/24,135 g
127513,Tableta de simil chocolate con leche y simil chocolate semi amargo,773271,La muestra analizada no presenta particularidades desde el punto de vista quimico para los parametros analizados,,En condiciones,NESTLE,2024-03-01,49/1322,2024-05-30,L315012943 G1 12:07,85 g
127513,CHOCOLATE CON LECHE SIN AZÚCARES AGREGADOS CON ALMENDRAS,773272,La muestra analizada no presenta particularidades desde el punto de vista quimico para los parametros analizados,,En condiciones,HAAS,2024-03-01,665/203,2024-11-30,231128,150 g
127512,Yogur endulzado entero con preparado de frutilla. libre de gluten,773266,Fuera de las condiciones reglamentarias,Decreto 117&006 Resolución GMC 26/03 Art. 6.4.1. El número de registro que figura en el rótulo no es el correspondiente al producto.,En condiciones,YOGURISIMO,2024-02-29,19271/1165,2024-03-06,026  13:54,460 g
127512,Yogur con probióticos dietético descremado sin lactosa adicionado con vitaminas A. B12. D. E y ácido fólico con preparado de multifruta libre de gluten.,773267,La muestra analizada no presenta particularidades desde el punto de vista quimico para los parametros analizados,,En condiciones,SER,2024-02-29,19271/1257,2024-03-20,E180371153,190 g/ 180 ml
127512,YOGUR ENDULZADO SABOR NATURAL PARCIALMENTE DESCREMADO. LIBRE DE GLUTEN,773268,La muestra analizada no presenta particularidades desde el punto de vista quimico para los parametros analizados,,En condiciones,COLONIAL,2024-02-29,22654/23,2024-03-30,B-15-0111-27,1 Kg
127512,YOGUR BATIDO DESCREMADO REDUCIDO EN CALORIAS ADICIONADO DE VITAMINAS A. D3 Y E SABOR FRUTILLA,773264,Fuera de las condiciones reglamentarias,Digesto Departamental Volumen VI Título II Art. D974.2 y Resolución 4054/18 Art. 10. La habilitación del producto está vencida.,En condiciones,CONAPROLE,2024-02-29,1395/532,2024-02-29,240319E1 T05,200 g
127512,Yogur integral endulzado sabor natural,773263,La muestra analizada no presenta particularidades desde el punto de vista quimico para los parametros analizados,,En condiciones,CONAPROLE,2024-02-29,1395/955,2024-04-03,240403Y3  A  19:46,500 g
127512,Yogur endulzado parcialmente descremado sabor natural. libre de gluten,773265,La muestra analizada no presenta particularidades desde el punto de vista quimico para los parametros analizados,,En condiciones,YOGURISIMO,2024-02-29,19271/704,2024-03-29,044   11:53,1.2 Kg
127509,Helado de agua con pulpa de frutilla. de mango y de durazno,773257,Fuera de las condiciones reglamentarias,Digesto Departamental Volumen VI Título II Art. D974.2 y Resolución 4054/018 Art. 10. La habilitación del producto está vencida.,En condiciones,CONAPROLE,2024-02-28,1395/878,2025-11-01,251101P 18:06:46,1kg/2L
127509,HELADO DE AGUA SABOR FRUTILLA,773261,La muestra analizada no presenta particularidades desde el punto de vista quimico para los parametros analizados,,En condiciones,CRUFI,2024-02-28,1712/2,2025-12-31,29  14:41,60 g
127509,HELADO DE AGUA SABOR LIMON,773259,La muestra analizada no presenta particularidades desde el punto de vista quimico para los parametros analizados,,En condiciones,CRUFI,2024-02-28,1712/3,2025-12-31,20 11:44,60 g
127509,Helado de agua sabor naranja,773258,La muestra analizada no presenta particularidades desde el punto de vista quimico para los parametros analizados,,En condiciones,LEKKER,2024-02-28,23957/517,2025-06-16,20230616,53 g
127509,HELADO DE AGUA SABOR NARANJA,773260,La muestra analizada no presenta particularidades desde el punto de vista quimico para los parametros analizados,,En condiciones,CRUFI,2024-02-28,1712/1,2025-11-30,02  11:32,60 g
127509,HELADO CON PULPA DE FRUTILLA,773262,La muestra analizada no presenta particularidades desde el punto de vista quimico para los parametros analizados,,En condiciones,CONAPROLE,2024-02-28,1395/623,2024-02-26,251226 S,56 g
127506,BEBIDA SIN ALCOHOL DIETETICA CON 5% DE JUGO DE LIMON SABOR MANZANA,773254,La muestra analizada no presenta particularidades desde el punto de vista quimico para los parametros analizados,,En condiciones,VITALE,2024-02-26,485/244,2024-07-02,CS604ENE240410PCR,625mL
127506,Bebida sin alcohol de bajas calorías sabor pomelo con gas. Sin azúcares,773256,La muestra analizada no presenta particularidades desde el punto de vista quimico para los parametros analizados,,En condiciones,SALUS,2024-02-26,10748/147,2024-05-30,603C40114301,1.5 L
127506,BEBIDA SIN ALCOHOL GASIFICADA SABOR NARANJA,773253,La muestra analizada no presenta particularidades desde el punto de vista quimico para los parametros analizados,,En condiciones,FANTA,2024-02-26,485/44,2024-05-13,CS513FEB24 0057PCR,500mL
127506,BEBIDA SIN ALCOHOL DIETETICA GASIFICADA CON 5% JUGO DE LIMON ADICIONADA CON VITAMINAS B3. B5 Y B6 SABOR CITRUS,773252,La muestra analizada no presenta particularidades desde el punto de vista quimico para los parametros analizados,,En condiciones,H2OH! 7 UP,2024-02-26,1987/102,2024-04-06,U3342L20303,1.5L
127506,Bebida analcóholica dietética gasificada de bajas calorías con 5% de jugo de limón sabor lima limón,773251,La muestra analizada no presenta particularidades desde el punto de vista quimico para los parametros analizados,,En condiciones,7 UP,2024-02-26,1987/54,2024-04-07,U3343L21202,1.5L
127506,Bebida analcoholica hipoglucidica sabor limón y frutilla,773255,La muestra analizada no presenta particularidades desde el punto de vista quimico para los parametros analizados,,En condiciones,SALUS,2024-02-26,10748/133,2024-07-30,60801242149911,600mL
127503,CHOCOLATE SEMIAMARGO LIBRE DE GLUTEN.,773243,La muestra analizada no presenta particularidades desde el punto de vista quimico para los parametros analizados,,En condiciones,AGUILA,2024-02-23,1409/6311,2024-11-16,L 16/11/24 CC 3228 1M,100 g
127503,CHOCOLATE NEGRO SIN GLUTEN,773248,La muestra analizada no presenta particularidades desde el punto de vista quimico para los parametros analizados,,En condiciones,ANTIU XIXONA,2024-02-23,4817/1176,2025-01-31,18431 6,100g
127503,CHOCOLATE CON LECHE,773247,La muestra analizada no presenta particularidades desde el punto de vista quimico para los parametros analizados,,En condiciones,GAROTO,2024-02-23,164/1054,2024-05-08,L3128 1294G 12:55,80 g
127503,CHOCOLATE CON LECHE SIN AZÚCARES AGREGADOS. LIBRE DE GLUTEN,773245,Fuera de las condiciones reglamentarias,Digesto Departamental Volumen VI Título II Art. D974.2 y Resolución 4054/18 Art. 10. El registro del producto está vencido desde el 13/01/2022.,En condiciones,HAAS,2024-02-23,665/178,2024-05-31,231124,150 g
127503,SIMIL CHOCOLATE CON LECHE,773246,La muestra analizada no presenta particularidades desde el punto de vista quimico para los parametros analizados,,En condiciones,NESTLE,2024-02-23,49/1330,2024-03-06,L3659265C 4 02:30,80 g
127503,CHOCOLATE CON LECHE CON ALMENDRAS,773244,La muestra analizada no presenta particularidades desde el punto de vista quimico para los parametros analizados,,En condiciones,COFLER,2024-02-23,1409/1893,2024-05-06,L06/05/2024 CC 3187 23:55,140 g
127500,BEBIDA SIN ALCOHOL DIETETICA CON 5%DE JUGO DE LIMON SABOR LIMON.,773237,La muestra analizada no presenta particularidades desde el punto de vista quimico para los parametros analizados,,En condiciones,VITALE,2024-02-22,485/246,,Parcialmente legible,625 mL
127500,BEBIDA SIN ALCOHOL CON 10% DE JUGO DE NARANJA,773233,La muestra analizada no presenta particularidades desde el punto de vista quimico para los parametros analizados,,En condiciones,AQUARIUS,2024-02-22,485/196,2024-07-16,CS716ENE240327PCR,1.5L
127501,AGUA MINERAL NATURAL,773240,La muestra analizada no presenta particularidades desde el punto de vista quimico para los parametros analizados,,En condiciones,NATIVA SPORT,2024-02-22,18280/30,2024-08-11,L315H014839,1 L
127500,Bebida analcohólica gasificada dietética sabor lima limón con 5% de jugo de limón,773235,La muestra analizada no presenta particularidades desde el punto de vista quimico para los parametros analizados,,En condiciones,TA-TA,2024-02-22,18138/277,2024-07-23,lot 23 01 14:25,2L
127500,BEBIDA SIN ALCOHOL REDUCIDA EN CALORÍAS GASIFICADA SABOR MANDARINA,773234,La muestra analizada no presenta particularidades desde el punto de vista quimico para los parametros analizados,,En condiciones,NIX,2024-02-22,18280/212,2024-05-12,13:16L012M,2L
127500,BEBIDA SIN ALCOHOL DIETÉTICA CON SABOR A MANZANA ADICIONADA CON VITAMINAS A Y B1,773236,La muestra analizada no presenta particularidades desde el punto de vista quimico para los parametros analizados,,En condiciones,CEPITA DEL VALLE,2024-02-22,485/230,2024-07-15,CS717ENE24 06:37,995mL
127501,Agua Mineral Natural Sin Gas,773239,La muestra analizada no presenta particularidades desde el punto de vista quimico para los parametros analizados,,En condiciones,TA-TA,2024-02-22,18138/45,2024-05-02,L23305 08:29,600 mL
127500,BEBIDA SIN ALCOHOL DIETETICA GASIFICADA SABOR A POMELO,773238,La muestra analizada no presenta particularidades desde el punto de vista quimico para los parametros analizados,,En condiciones,SCHWEPPES,2024-02-22,485/169,2024-05-10,CS510FEB24180PCR,500mL
127493,Leche fermentada dietética parcialmente descremada sin lactosa con preparado multifruta edulcorado adicionado con zinc y vitaminas B6. C y D libre de gluten.,773228,La muestra analizada no presenta particularidades desde el punto de vista quimico para los parametros analizados,,En condiciones,LA SERENISIMA,2024-02-21,19271/477,2024-03-18,E110372351,100 g
127494,AGUA MINERAL NATURAL GASIFICADA,773225,La muestra analizada no presenta particularidades desde el punto de vista quimico para los parametros analizados,,En condiciones,ESENCIAL,2024-02-21,19726/7,2024-07-10,10/01/24 11:53,2 L
127494,Agua mineralizada,773224,La muestra analizada no presenta particularidades desde el punto de vista quimico para los parametros analizados,,En condiciones,NESTLE,2024-02-21,49/1603,2024-06-27,L317931522 17:02,6.30 L
127494,AGUA MINERAL SIN GAS.,773226,La muestra analizada no presenta particularidades desde el punto de vista quimico para los parametros analizados,,En condiciones,ESENCIAL,2024-02-21,19726/2,2024-07-06,06/12/2023 09:56,2 L
127495,Helado de fruta ananá.,773231,Fuera de las condiciones reglamentarias,Decreto 117/006 Resolución GMC 26/03 Art. 6.4.1. En el envase secundario no presenta número de registro. Art. 6.6.1 d) En el envase secundario la fecha de vencimiento figura en etiqueta. Digesto Departamental Volumen VI Título II Art. D974.3. El producto no se comercializa de acuerdo a lo declarado en IgDoc.,En condiciones,LEKKER,2024-02-21,23957/524,2025-02-13,20230213,4 unid. 75g c/u
127494,Agua mineral,773223,Fuera de las condiciones reglamentarias,Decreto 117/006 Resolución GMC 26/03 Art. 5. En el rótulo no figuran los datos del importador ni número de registro del producto. Art. 6.1. La denominación de venta no cumple con lo establecido en la normativa (Capítulo 25 del Decreto 315/994),En condiciones,VILLA DEL SUR EN CASA,2024-02-21,10748/150,2024-07-05,LB5 192 04:21,6.2 L
127502,YOGUR ENDULZADO SABOR A FRUTILLA PARCIALMENTE DESCREMADO,773241,Fuera de las condiciones reglamentarias,Digesto Departamental Volumen VI Título II Art. D974.2 y Resolución 4054/18 Art. 10. El registro del producto está vencido.,En condiciones,COLONIAL,2024-02-21,22654/20,2024-04-28,P-13-0216-47,1 Kg
127495,HELADO DE AGUA SABOR LIMON,773232,La muestra analizada no presenta particularidades desde el punto de vista quimico para los parametros analizados,,En condiciones,CRUFI,2024-02-21,1712/61,2025-09-30,15 06:54,500g/1L
127493,Leche fermentada entera con probióticos y preparado de ciruela.,773227,La muestra analizada no presenta particularidades desde el punto de vista quimico para los parametros analizados,,En condiciones,ACTIVIA,2024-02-21,19271/877,2024-03-25,F 02 02 24 25 03 24 D34,340 g
127493,LECHE FERMENTADA ENDULZADA PARCIALMENTE DESCREMADA SIN LACTOSA CON PREPARADO DE MANZANA Y FRUTILLA ADICIONADA CON ZINC Y VITAMINAS B6. C. D Y LIBRE DE GLUTEN,773230,Fuera de las condiciones reglamentarias,Digesto Departamental Volumen VI Título II Art. D974. El producto no está registrado en el SRA.,En condiciones,LA SERENISIMA,2024-02-21,No posee registro,2024-03-11,E 160320219,100 g
127502,Yogur endulzado. saborizado y parcialmente descremado con duraznos. Sin gluten,773242,La muestra analizada no presenta particularidades desde el punto de vista quimico para los parametros analizados,,En condiciones,CALCAR,2024-02-21,18357/52,2024-03-03,(C1) 13:02 L:05,1 L
127493,Leche fermentada parcialmente descremada adicionada de vitamina C. Libre de gluten.,773229,La muestra analizada no presenta particularidades desde el punto de vista quimico para los parametros analizados,,En condiciones,ACTIMEL,2024-02-21,19271/949,2024-03-18,E R D,100 g
127492,HELADO DE AGUA SABOR NARANJA,773222,Fuera de las condiciones reglamentarias,Digesto Departamental Volumen VI Título II Art. D974.2 y Resolución 4054/18 Art. 10. La habilitación del producto está vencida.,En condiciones,CONAPROLE,2024-02-20,1395/50,2025-01-04,260104,58 g
127492,HELADO DE FRUTILLA AL AGUA,773220,Fuera de las condiciones reglamentarias,Digesto Departamental Volumen VI Título II Art. D974.2 y Resolución 4054/18 Art. 10. La habilitación del producto está vencida.,En condiciones,LA CIGALE,2024-02-20,2440/89,2025-01-08,1113,800ml/580g
127492,HELADO DE AGUA MIXTO SABOR FRUTILLA Y SABOR NARANJA -DOBLE SABOR-.,773221,La muestra analizada no presenta particularidades desde el punto de vista quimico para los parametros analizados,,En condiciones,CONAPROLE,2024-02-20,1395/618,2025-09-14,250914 S 7:21,58 g
127492,Helado de agua con preparado de limon,773219,Fuera de las condiciones reglamentarias,Digesto Departamental Volumen VI Título II Art. D974.2 y Resolución 4054/018 Art. 10. La habilitación del producto está vencida.,En condiciones,CONAPROLE,2024-02-20,1395/983,2024-11-09,241109 P,1kg/2L
127486,CHOCOLATE CON LECHE CON CHOCOLATE CON LECHE  CONFITADO,773215,La muestra analizada no presenta particularidades desde el punto de vista quimico para los parametros analizados,,En condiciones,COFLER,2024-02-16,1409/4301,2024-05-15,cc 3046 11:10,100 g
127486,CHOCOLATE AMARGO,773212,La muestra analizada no presenta particularidades desde el punto de vista quimico para los parametros analizados,,En condiciones,CEMOI,2024-02-16,4463/2743,2024-09-30,L 3081 3 A,100g
127486,CHOCOLATE CON LECHE CON ALMENDRAS LIBRE DE GLUTEN - SIN TACC,773214,La muestra analizada no presenta particularidades desde el punto de vista quimico para los parametros analizados,,En condiciones,CADBURY,2024-02-16,6828/1432,2024-07-20,LPV23 202,82 g
127486,CHOCOLATE CON LECHE,773218,La muestra analizada no presenta particularidades desde el punto de vista quimico para los parametros analizados,,En condiciones,GAROTO,2024-02-16,164/2400,2024-04-24,L3114 129446,150 g
127486,CHOCOLATE SEMIAMARGO CON RELLENO SABOR NARANJA,773213,La muestra analizada no presenta particularidades desde el punto de vista quimico para los parametros analizados,,En condiciones,LINDT,2024-02-16,11913/1970,2024-03-13,L 3893,100 g
127486,CHOCOLATE CON LECHE CON ALMENDRAS,773217,La muestra analizada no presenta particularidades desde el punto de vista quimico para los parametros analizados,,En condiciones,MILKA,2024-02-16,6828/470,2024-04-09,CC19523192,155 g
127486,SIMIL CHOCOLATE CON LECHE,773216,La muestra analizada no presenta particularidades desde el punto de vista quimico para los parametros analizados,,En condiciones,NESTLE,2024-02-16,49/1323,2024-06-05,L31569265C 6,85 g
127486,CHOCOLATE CON LECHE CON ALMENDRAS SIN AZÚCARES AGREGADOS. LIBRE DE GLUTEN,773211,Fuera de las condiciones reglamentarias,Digesto DEpartamental Volumen VI Título II Art. D974.2 y Resolución 4054/18 Art. 10. La  habilitación del producto está vencida.,En condiciones,HAAS,2024-02-16,665/179,2024-08-31,230724,100g
127482,AGUA MINERAL NATURAL CON GAS,773208,La muestra analizada no presenta particularidades desde el punto de vista quimico para los parametros analizados,,En condiciones,NATIVA,2024-02-15,18280/2,2024-07-29,12:29 L0031,1L
127482,AGUA MINERAL NATURAL LEVEMENTE GASIFICADA,773209,La muestra analizada no presenta particularidades desde el punto de vista quimico para los parametros analizados,,En condiciones,NATIVA,2024-02-15,18280/11,2025-01-17,L017K134275,1.65L
127482,AGUA MINERAL NATURAL,773206,La muestra analizada no presenta particularidades desde el punto de vista quimico para los parametros analizados,,En condiciones,ACQUA PANNA,2024-02-15,8529/112,2025-11-20,L3140087703,550mL
127482,AGUA MINERAL NATURAL GASIFICADA,773205,La muestra analizada no presenta particularidades desde el punto de vista quimico para los parametros analizados,,En condiciones,SANPELLEGRINO,2024-02-15,8529/111,2025-08-23,l3054087024,750mL
127482,AGUA MINERAL NATURAL SIN GAS,773210,La muestra analizada no presenta particularidades desde el punto de vista quimico para los parametros analizados,,En condiciones,NATIVA,2024-02-15,18280/1,2024-07-11,L2846029106,1L
127482,AGUA MINERAL SIN GAS,773207,La muestra analizada no presenta particularidades desde el punto de vista quimico para los parametros analizados,,En condiciones,EVIAN,2024-02-15,10748/105,2024-11-29,LPROD291122 12:27,1L
127481,BEBIDA ANALCOHOLICA DIETETICA GASIFICADA SABOR POMELO,773200,La muestra analizada no presenta particularidades desde el punto de vista quimico para los parametros analizados,,En condiciones,PASO DE LOS TOROS,2024-02-14,1987/85,2024-04-11,U3347L20949,1.5L
127481,BEBIDA ANALCOHOLICA GASIFICADA SABOR GUARANA,773201,Fuera de las condiciones reglamentarias,Decreto 117/006 Resolución GMC 6.5.1. y 6.6.1. Lote y fecha de vencimiento parcialmente legibles.,En condiciones,LIMOL,2024-02-14,1793/5,,,2L
127481,BEBIDA SIN ALCOHOL DIETETICA GASIFICADA SABOR A CITRUS,773203,La muestra analizada no presenta particularidades desde el punto de vista quimico para los parametros analizados,,En condiciones,SCHWEPPES,2024-02-14,485/170,2024-06-08,CS709FEB240944PCR,1.5L
127481,BEBIDA SIN ALCOHOL DIETETICA CON 5%DE JUGO DE LIMON SABOR POMELO,773204,La muestra analizada no presenta particularidades desde el punto de vista quimico para los parametros analizados,,En condiciones,VITALE,2024-02-14,485/243,2024-07-08,2024-07-08,1.75L
127481,BEBIDA SIN ALCOHOL DIETÉTICA CON SABOR A POMELO ADICIONADA CON VITAMINAS B3 Y B6.,773199,La muestra analizada no presenta particularidades desde el punto de vista quimico para los parametros analizados,,En condiciones,CEPITA DEL VALLE,2024-02-14,485/201,2024-04-16,CS719OCT230333,1.5L
127481,BEBIDA SIN ALCOHOL REDUCIDA EN CALORÍAS GASIFICADA SABOR POMELO,773202,La muestra analizada no presenta particularidades desde el punto de vista quimico para los parametros analizados,,En condiciones,NIX,2024-02-14,18280/210,2024-05-13,0.1:00 L013P,2L
127446,YOGUR DESCREMADO ENDULZADO CON PULPA DE DURAZNO SABOR DURAZNO- LIBRE DE GLUTEN,773190,La muestra analizada no presenta particularidades desde el punto de vista quimico para los parametros analizados,,En condiciones,CLALDY,2024-02-07,2452/72,2024-02-27,H18E1  08:46,780 ml
127313,CHOCOLATE CON LECHE SIN AZÚCARES AGREGADOS. SIN GLUTEN,773198,La muestra analizada no presenta particularidades desde el punto de vista quimico para los parametros analizados,,En condiciones,GEORGALOS,2024-02-07,5429/533,2024-05-31,00:57 3L23V03,70 g
127313,CHOCOLATE CON LECHE Y MANÍ. LIBRE DE GLUTEN. SIN TACC,773191,Fuera de las condiciones reglamentarias,Decreto 117/006 Resolución GMC 46/03 Art. 3.5.1. El porcentaje de grasas saturadas excede en más del 20% al declarado en la información nutricional.,En condiciones,GEORGALOS,2024-02-07,5429/176,2024-10-30,08:52 1L23031,160 g
127313,CHOCOLATE CON LECHE CON ALMENDRAS Y PASAS,773196,La muestra analizada no presenta particularidades desde el punto de vista quimico para los parametros analizados,,En condiciones,GAROTO,2024-02-07,164/1061,2024-05-07,3127129431 14:54,85 g
127446,Yogur Light Deslactosado sabor Frutilla,773186,Fuera de las condiciones reglamentarias,Digesto Departamental Volumen VI Título II Art. D974.2 Resolución 4054/018 Art. 10. Habilitación del producto vencida,En condiciones,COLONIAL,2024-02-07,22654/125,2024-03-24,24-0109-34,500 G
127446,Yogur con crema. con preparado de manzana sabor leche y preparado de frutos rojos libre de gluten.,773188,La muestra analizada no presenta particularidades desde el punto de vista quimico para los parametros analizados,,En condiciones,DANONE,2024-02-07,19271/846,2024-03-08,08.03.24  00:38  E1,2 x 90 g
127313,TABLETA SÍMIL CHOCOLATE BLANCO CON TROZOS DE GALLETA SABOR CHOCOLATE,773193,La muestra analizada no presenta particularidades desde el punto de vista quimico para los parametros analizados,,En condiciones,NEUGEBAUER,2024-02-07,11913/1939,2024-08-31,L0211,80 g
127313,SÍMIL CHOCOLATE CON LECHE,773192,La muestra analizada no presenta particularidades desde el punto de vista quimico para los parametros analizados,,En condiciones,NEUGEBAUER,2024-02-07,11913/1088,2024-07-31,L0334,80 g
127446,Yogur endulzado. saborizado y parcialmente descremado con frutillas. Sin gluten,773185,La muestra analizada no presenta particularidades desde el punto de vista quimico para los parametros analizados,,En condiciones,CALCAR,2024-02-07,18357/51,2024-03-12,L01,1 L
127446,Yogur descremado con pulpa de moras. frambuesas. arándanos y frutilla. sabor frutos del bosque - Producto libre de gluten,773189,La muestra analizada no presenta particularidades desde el punto de vista quimico para los parametros analizados,,En condiciones,CLALDY,2024-02-07,2452/215,2024-02-24,H15E3 10:38,780 ml
127313,CHOCOLATE SEMIAMARGO. LIBRE DE GLUTEN. SIN TACC,773197,La muestra analizada no presenta particularidades desde el punto de vista quimico para los parametros analizados,,En condiciones,CADBURY,2024-02-07,6828/1715,2024-07-31,LPV 23 213,162 g
127313,TABLETA DE SIMIL CHOCOLATE CON LECHE Y COPOS DE ARROZ,773195,La muestra analizada no presenta particularidades desde el punto de vista quimico para los parametros analizados,,En condiciones,NESTLE,2024-02-07,49/1331,2024-04-16,L:31069265C 6,80 g
127313,CHOCOLATE CON LECHE Y MANI,773194,La muestra analizada no presenta particularidades desde el punto de vista quimico para los parametros analizados,,En condiciones,SHOT,2024-02-07,6828/1411,2024-08-14,07:08 1318 1236,170 g
127446,Yogur endulzado entero con preparado de frutilla. libre de gluten,773187,La muestra analizada no presenta particularidades desde el punto de vista quimico para los parametros analizados,,En condiciones,YOGURISIMO,2024-02-07,19271/1165,2024-03-02,022  13:23,460 g
127312,AGUA MINERAL SIN GAS,773179,La muestra analizada no presenta particularidades desde el punto de vista quimico para los parametros analizados,,En condiciones,SALUS,2024-02-06,10748/11,2025-01-30,62811232157129,600mL
127312,AGUA MINERALIZADA CON GAS,773184,La muestra analizada no presenta particularidades desde el punto de vista quimico para los parametros analizados,,En condiciones,MATUTINA,2024-02-06,19271/9,2024-07-30,L1 240124 1042,2.5L
127312,AGUA MINERALIZADA SIN GAS,773181,La muestra analizada no presenta particularidades desde el punto de vista quimico para los parametros analizados,,En condiciones,VITALE,2024-02-06,485/130,2024-11-30,CS605ENE240216,2.5L
127312,AGUA MINERAL CON GAS,773180,La muestra analizada no presenta particularidades desde el punto de vista quimico para los parametros analizados,,En condiciones,SALUS,2024-02-06,10748/10,2024-06-30,61212230100725,600mL
127312,AGUA MINERALIZADA SIN GAS,773183,La muestra analizada no presenta particularidades desde el punto de vista quimico para los parametros analizados,,En condiciones,MATUTINA,2024-02-06,19271/10,2025-01-30,L1 110 124 1153,2.5L
127312,AGUA MINERALIZADA CON GAS,773182,La muestra analizada no presenta particularidades desde el punto de vista quimico para los parametros analizados,,En condiciones,VITALE,2024-02-06,485/129,2024-06-14,CS616NOV230645,2.5L
127311,Bebida analcohólica gasificada con 10 % de jugo de Pomelo,773176,Fuera de las condiciones reglamentarias,Decreto 117/006 MERCOSUR/GMC/RES Nº 26/03 Art. 6.6.1.d. la fecha de vencimiento se encuentra parcialmente legible.,En condiciones,TA-TA,2024-02-05,18138/214,,22 12 11:19,2L
127311,BEBIDA SIN ALCOHOL REDUCIDA EN CALORÍAS GASIFICADA SABOR MANDARINA,773174,La muestra analizada no presenta particularidades desde el punto de vista quimico para los parametros analizados,,En condiciones,NIX,2024-02-05,18280/212,2024-02-29,L026OM,500ml
127311,Bebida analcohólica gasificada sabor naranja con 10% de jugo de mandarina,773175,La muestra analizada no presenta particularidades desde el punto de vista quimico para los parametros analizados,,En condiciones,TA-TA,2024-02-05,18138/213,2024-07-17,17:01 15:30,2L
127311,Bebida analcohólica gasificada dietética sabor naranja con jugo de limón,773177,La muestra analizada no presenta particularidades desde el punto de vista quimico para los parametros analizados,,En condiciones,TA-TA,2024-02-05,18138/300,2024-06-26,LOT 2712 07:20,2L
127445,CREMA HELADA AMERICANA CON DULCE DE LECHE Y GALLETITAS SABOR VAINILLA CON BAÑO SIMIL CHOCOLATE CON LECHE,773172,La muestra analizada no presenta particularidades desde el punto de vista quimico para los parametros analizados,,En condiciones,ARCOR HELADOS,2024-02-02,1409/7491,2025-11-02,L EF 02 11 2025 M2,1 Kg / 2 L
127445,CREMA HELADA SABOR FRUTILLA  A LA CREMA Y CREMA HELADA SABOR DULCE DE LECHE,773168,La muestra analizada no presenta particularidades desde el punto de vista quimico para los parametros analizados,,En condiciones,EL FARO,2024-02-02,25020/23,2025-10-03,L EF 03 10 2025  M2 M3,"1100 mL, 750 g"
127445,CREMA HELADA DE CHOCOLATE. AMERICANA Y SABOR FRUTILLA,773170,La muestra analizada no presenta particularidades desde el punto de vista quimico para los parametros analizados,,En condiciones,ARCOR HELADOS,2024-02-02,1409/7372,2025-11-09,L EF 09 11 2025 M1 M4M5,1 Kg / 2 L
127445,Crema Helada Americana,773171,La muestra analizada no presenta particularidades desde el punto de vista quimico para los parametros analizados,,En condiciones,ARCOR HELADOS,2024-02-02,1409/7370,2024-06-15,L EF 15 06 2024,450 g / 900 cm3
127445,HELADO DE CHOCOLATE CON ALMENDRAS,773169,Fuera de las condiciones reglamentarias,Digesto Departamental Volumen VI Título II Art. D974 el producto no está registrado en el SRA.,En condiciones,EL FARO,2024-02-02,No posee registro,2025-11-07,L EF 07 11 2025,1100 mL/ 750 g
127445,CREMA HELADA DE DULCE DE LECHE CON DULCE DE LECHE Y CHOCOLATE GRANIZADO,773173,Fuera de las condiciones reglamentarias,Digesto Departamental Art. D974 y Art. 10 de la Resolución 4054/18. el producto presenta su  registro vencido desde 06/06/2021..Decretos 272/018 y 34/021. Debe presentar rotulado frontal por exceso de azúcares.,Fuera de condiciones,ARCOR,2024-02-02,1409/5089,2025-10-19,L EF 19 10 2025 M5,1 Kg / 2 L
127444,JUGO DE MANZANA VERDE. ESPINACA. PEPINO. COL RIZADA. LIMON Y APIO,773166,La muestra analizada no presenta particularidades desde el punto de vista quimico para los parametros analizados,,En condiciones,TIENDA INGLESA PREMIUM,2024-02-01,3106/866,2024-02-09,30/01/2024,500ml
127444,JUGO DE NARANJA,773164,La muestra analizada no presenta particularidades desde el punto de vista quimico para los parametros analizados,,En condiciones,DAIRYCO,2024-02-01,1718/50,2024-03-20,17490 07:44,1L
127444,JUGO DE MANZANA ROJA. REMOLACHA. ZANAHORIA. JENGIBRE Y LIMON,773165,La muestra analizada no presenta particularidades desde el punto de vista quimico para los parametros analizados,,En condiciones,TIENDA INGLESA PREMIUM,2024-02-01,3106/865,2024-02-05,26/01/2024,500ml
127444,JUGO DE NARANJA CON PULPA LIBRE DE GLUTEN,773163,La muestra analizada no presenta particularidades desde el punto de vista quimico para los parametros analizados,,En condiciones,CITRIC,2024-02-01,19271/557,2024-03-20,1002,3L
127444,JUGO DE NARANJA. LIMON Y ZANAHORIA,773167,La muestra analizada no presenta particularidades desde el punto de vista quimico para los parametros analizados,,En condiciones,TIENDA INGLESA PREMIUM,2024-02-01,3106/864,2024-02-05,26/01/2024 317,340ml
127442,Leche entera UAT adicionada con Vitaminas A y D -Libre de Gluten,773155,La muestra analizada no presenta particularidades desde el punto de vista quimico para los parametros analizados,,En condiciones,LA SERENISIMA,2024-01-29,19271/755,2024-04-26,HR 08:46,1 L
127443,LECHE UHT DESCREMADA,773152,Fuera de las condiciones reglamentarias,Decreto Nº 117/006 MERCOSUR/GMCRES Nº26/03 6.4.1 La direccion del importador corresponde a un local cerrado desde 02/012023.,En condiciones,TA-TA,2024-01-29,25285/295,2024-03-30,01.12.23 23:16:19 23028 M8,1 L
127442,Leche parcialmente descremada UAT adicionada con vitamina A y D. Libre de gluten,773154,La muestra analizada no presenta particularidades desde el punto de vista quimico para los parametros analizados,,En condiciones,LA SERENISIMA,2024-01-29,19271/756,2024-03-18,HR 07:00,1 L
127443,LECHE FRESCA PASTEURIZADA ENTERA,773153,La muestra analizada no presenta particularidades desde el punto de vista quimico para los parametros analizados,,En condiciones,CONAPROLE,2024-01-29,1395/1,2024-02-04,212401291 3B00:18 25,1 L
127443,LECHE UHT ENTERA,773151,Fuera de las condiciones reglamentarias,Decreto Nº 117/006 MERCOSUR/GMCRES Nº26/03 6.4.1 La direccion del importador corresponde a un local cerrado desde 02/012023.,En condiciones,TA-TA,2024-01-29,25285/294,2024-03-30,01.12.23 15:04:24  23027,1 L
127442,Leche parcialmente descremada UAT homogeneizada. adicionada con vitaminas A y D. Sin lactosa. libre de gluten,773156,La muestra analizada no presenta particularidades desde el punto de vista quimico para los parametros analizados,,En condiciones,LA SERENISIMA,2024-01-29,19271/1169,2024-05-10,HR 12:00,1 L
127441,Crema helada de dulce de leche con granas símil chocolate,773145,La muestra analizada no presenta particularidades desde el punto de vista quimico para los parametros analizados,,En condiciones,DEVOTO,2024-01-25,1712/361,2025-06-30,28 06:54:59,500 g/ 1 L
127441,CREMA HELADA SABOR MENTA CON TROZOS DE CHOCOLATE,773150,Fuera de las condiciones reglamentarias,Digesto Departamental Art. D974 y Art. 10 de la Resolución 4054/18. El producto presenta su registro vencido desde 20/02/2022.,En condiciones,LA CIGALE,2024-01-25,2440/87,2024-12-19,1113,800 mL / 580 g
127441,CREMA HELADA SABOR VAINILLA CON SALSAS DE CHOCOLATE Y DULCE DE LECHE,773148,Fuera de las condiciones reglamentarias,Digesto Departamental Art. D974 y Art. 10 de la Resolución 4054/18. El producto presenta su registro vencido desde 31/10/2021.,En condiciones,DEVOTO,2024-01-25,14216/87,2025-03-30,31 09:18:59,1 Kg / 2 L
127441,CREMA HELADA: CHOCOLATE CON ALMENDRAS,773149,Fuera de las condiciones reglamentarias,Digesto Departamental Art. D974 y Art. 10 de la Resolución 4054/18..El producto presenta su registro vencido desde 20/02/2022.,En condiciones,LA CIGALE,2024-01-25,2440/88,2024-08-26,1083,800 mL/  580 g
127441,Crema helada sabor flan con salsa de dulce de leche,773146,La muestra analizada no presenta particularidades desde el punto de vista quimico para los parametros analizados,,En condiciones,DEVOTO,2024-01-25,1712/364,2025-04-30,11 06:55,500 g / 1 L
127441,Crema helada triple sabor vainilla. chocolate y frutilla,773147,La muestra analizada no presenta particularidades desde el punto de vista quimico para los parametros analizados,,En condiciones,DEVOTO,2024-01-25,1712/362,2025-04-30,27 06:59,500 g / 1 L
127439,JUGO DE NARANJA 100% EXPRIMIDO GROW,773142,Fuera de las condiciones reglamentarias,Digesto departamental Volumen VI título II Artículo D974.4 El producto no esta registrado en el Servicio de Regulación Alimentaria.,En condiciones,GROW,2024-01-24,No posee registro,2024-10-19,L910003,1L
127439,BEBIDA SIN ALCOHOL CON 12% DE JUGO Y PULPA DE FRUTILLA Y BANANA CONCENTRADO,773141,Fuera de las condiciones reglamentarias,Decreto 117/006 MERCOSUR/GMC/RES Nº 26/03 Art 4. La muestra no presenta la fecha de vencimiento en idioma español.,En condiciones,JUMEX,2024-01-24,11913/2911,2024-08-12,L12AUG23 A P1,1L
127439,Jugo de Pera,773140,Fuera de las condiciones reglamentarias,Decreto 117/006 Res MERCOSUR/GMC/RES Nº 26/03n Art 6.2.3. Se detecta la presencia de sorbico en el producto. el cual no está declarado en la lista de ingredientes.,En condiciones,NATURAL TREE,2024-01-24,32406/4,2024-05-07,071223,1L
127439,BEBIDA SIN ALCOHOL CON 20% DE JUGO Y PULPA DE MANGO CONCENTRADO,773144,La muestra analizada no presenta particularidades desde el punto de vista quimico para los parametros analizados,,En condiciones,JUMEX,2024-01-24,11913/1887,2024-07-03,L 03 jul 23,1L
127439,Jugo de naranja,773139,La muestra analizada no presenta particularidades desde el punto de vista quimico para los parametros analizados,,En condiciones,NATURAL TREE,2024-01-24,32406/20,2024-06-12,120124,1L
127439,JUGO MEZCLA NARANJA + FRUTILLA LIBRE DE GLUTEN,773143,La muestra analizada no presenta particularidades desde el punto de vista quimico para los parametros analizados,,En condiciones,CITRIC,2024-01-24,19271/607,2024-05-16,540 03:40:49,1L
127438,LECHE ULTRAPASTERIZADA DESCREMADA ADICIONADA DE CALCIO Y VITAMINAS A.D3 Y E,773128,La muestra analizada no presenta particularidades desde el punto de vista quimico para los parametros analizados,,En condiciones,CONAPROLE,2024-01-22,1395/495,2024-02-03,240203D 62 KT4 07:37,1 L
127438,LECHE ENTERA (ULTRAPASTEURIZADA),773129,La muestra analizada no presenta particularidades desde el punto de vista quimico para los parametros analizados,,En condiciones,CONAPROLE,2024-01-22,1395/216,2024-02-11,L240211D 43 KT4 02:40,1 L
127438,Leche ultrapasteurizada descremada sin lactosa. Libre de gluten,773131,La muestra analizada no presenta particularidades desde el punto de vista quimico para los parametros analizados,,En condiciones,CONAPROLE,2024-01-22,1395/1017,2024-02-13,240213 Y1 B 07:31,1 L
127438,LECHE SEMIDESCREMADA ULTRAPASTEURIZADA  EXTRA CALCIO,773127,La muestra analizada no presenta particularidades desde el punto de vista quimico para los parametros analizados,,En condiciones,CONAPROLE,2024-01-22,1395/482,2024-02-01,LT6 L240201D 41,1 L
127438,LECHE PASTEURIZADA DESCREMADA,773132,La muestra analizada no presenta particularidades desde el punto de vista quimico para los parametros analizados,,En condiciones,CONAPROLE,2024-01-22,1395/2,2024-01-24,L212401172 6A 09:03:35,1 L
127438,LECHE ULTRAPASTEURIZADA DESCREMADA,773130,La muestra analizada no presenta particularidades desde el punto de vista quimico para los parametros analizados,,En condiciones,CONAPROLE,2024-01-22,1395/217,2024-02-04,L240204D 54 K T6 03:14,1 L
127437,Helado de leche sabor dulce de leche granizado,773121,La muestra analizada no presenta particularidades desde el punto de vista quimico para los parametros analizados,,En condiciones,BATUK,2024-01-18,1712/200,2024-11-30,11 12:29,5 L / 2.5 kg
127437,Crema helada de dulce de leche.,773122,La muestra analizada no presenta particularidades desde el punto de vista quimico para los parametros analizados,,En condiciones,CRUFI,2024-01-18,1712/180,2025-03-31,16 13:40,500 mL / 300 g
127436,CREMA HELADA SABOR VAINILLA Y  CHOCOLATE,773126,Fuera de las condiciones reglamentarias,Digesto Departamental Volumen VI Título II Art. D974.2 y Resolución 4054/018 Art. 10.  El registro del producto está vencido. Decreto 315/994 Art. 28.3.4. Porcentaje de materia grasa inferior al mínimo.,En condiciones,OASIS,2024-01-18,372/16,2026-01-08,37,180 mL / 90 g
127437,Crema helada sabor limón veteado con variegato sabor lemon pie.,773123,La muestra analizada no presenta particularidades desde el punto de vista quimico para los parametros analizados,,En condiciones,CRUFI,2024-01-18,1712/177,2025-08-31,16:08:51,500 mL / 300 g
127436,CREMA HELADA SABOR VAINILLA. CHOCOLATE Y FRUTILLA,773125,Fuera de las condiciones reglamentarias,Decreto 315/94 Art. 28.3.4. Porcentaje de grasa inferior al mínimo establecido.,En condiciones,OASIS,2024-01-18,372/4,2025-12-07,24,250 mL / 125 g
127436,SANDWICH HELADO SABOR VAINILLA. CHOCOLATE Y FRUTILLA,773124,Fuera de las condiciones reglamentarias,Digesto Departamental Volumen VI Título II Art. D974.2 y Resolución 4054/18 Art. 10. El registro del producto está vencido.,En condiciones,OASIS,2024-01-18,372/7,2026-01-13,39,180 mL / 90 g
127435,Jugo de naranja con pulpa. Libre de gluten. Sin TACC.,773116,La muestra analizada no presenta particularidades desde el punto de vista quimico para los parametros analizados,,En condiciones,CITRIC,2024-01-17,19271/529,2024-05-03,345 17:45:22,1L
127435,Jugo de manzana libre de gluten,773117,La muestra analizada no presenta particularidades desde el punto de vista quimico para los parametros analizados,,En condiciones,CITRIC,2024-01-17,19271/982,2024-06-05,405 17:22:35,1L
127435,Néctar de durazno reducido en calorias,773120,La muestra analizada no presenta particularidades desde el punto de vista quimico para los parametros analizados,,En condiciones,WATT'S,2024-01-17,18280/914,2024-03-30,2243L0120D.,1.5L
127435,JUGO DE NARANJA SANGUINEA CON PULPA,773115,Fuera de las condiciones reglamentarias,Digesto Departamental Volumen VI Título II Art. D974. Producto no registrado en el SRA.,En condiciones,CITRIC,2024-01-17,No posee registro,2024-07-09,464 19:42:43,1L
127435,Néctar de banana. manzana y naranja con 50% de jugo y pulpa,773119,La muestra analizada no presenta particularidades desde el punto de vista quimico para los parametros analizados,,En condiciones,WATT´S,2024-01-17,18280/918,2024-04-23,L0144,1.5L
127435,Néctar con 50% de jugo y pulpa de naranja Con edulcorante no nutritivo,773118,La muestra analizada no presenta particularidades desde el punto de vista quimico para los parametros analizados,,En condiciones,WATT'S,2024-01-17,18280/909,,0237L0106N,1L
127433,Leche semidescremada parcialmente delactosada,773105,Fuera de las condiciones reglamentarias,Digesto Departamental Volumen VI Título II Art. D974.2 y Resolcuión 4054/018 Art. 10. Habilitación del producto vencida.,En condiciones,PARMALAT,2024-01-16,25285/816,2024-02-12,C/1 17.12  05:33,1 L
127433,Leche UHT Entera,773103,La muestra analizada no presenta particularidades desde el punto de vista quimico para los parametros analizados,,En condiciones,PARMALAT,2024-01-16,25285/216,2024-03-09,23055,1 L
127433,Leche descremada ultrapasteurizada,773107,La muestra analizada no presenta particularidades desde el punto de vista quimico para los parametros analizados,,En condiciones,TA-TA,2024-01-16,18138/340,2024-03-12,C/2  16.1.3  11:05,1 L
127433,Leche entera ultrapasteurizada,773106,La muestra analizada no presenta particularidades desde el punto de vista quimico para los parametros analizados,,En condiciones,TA-TA,2024-01-16,18138/342,2024-03-21,C/2 17.1.3  13:56,1 L
127433,LECHE UHT DESCREMADA,773108,La muestra analizada no presenta particularidades desde el punto de vista quimico para los parametros analizados,,En condiciones,TA-TA,2024-01-16,25285/295,2024-03-30,M7 01.12.23 23:43:35   23028,1 L
127433,Leche entera ultrapasteurizada,773104,La muestra analizada no presenta particularidades desde el punto de vista quimico para los parametros analizados,,En condiciones,PARMALAT,2024-01-16,25285/802,2024-02-04,C/1 16.1.2  15.11,1 L
127431,CREMA HELADA DE DULCE DE LECHE CON NUECES CON YEMA DE HUEVO,773099,Fuera de las condiciones reglamentarias,Digesto Departamental Volumen VI Título II Art. D974.2 y Resolución 4054/18 Art. 10. Registro del producto vencido.,En condiciones,LA CIGALE,2024-01-11,2440/90,2024-10-19,1093,800 mL/ 500 g
127431,CREMA HELADA DE DULCE DE LECHE RELLENO CON MEZCLA A BASE DE CHOCOLATE SEMIAMARGO Y GALLETITAS. RECUBIERTO DE BAÑO DE REPOSTERÍA SABOR CHOCOLATE,773097,La muestra analizada no presenta particularidades desde el punto de vista quimico para los parametros analizados,,En condiciones,LA CIGALE,2024-01-11,2440/95,2024-09-16,16/09/2023,700 g
127431,HELADO DE  FRUTILLA SIN AZUCARES AGREGADOS,773098,La muestra analizada no presenta particularidades desde el punto de vista quimico para los parametros analizados,,En condiciones,LA CIGALE,2024-01-11,2440/501,2024-10-23,1093,800 mL/580 g
127431,Crema helada de banana veteada con dulce de leche.,773101,La muestra analizada no presenta particularidades desde el punto de vista quimico para los parametros analizados,,En condiciones,CRUFI,2024-01-11,1712/455,2025-04-30,18 09:23,2 L
127431,Crema helada sabor chantilly. sobre bizcochuelo sabor vainilla. preparado con durazno. dulce de leche y merengue.,773100,La muestra analizada no presenta particularidades desde el punto de vista quimico para los parametros analizados,,En condiciones,CRUFI,2024-01-11,1712/86,2025-10-31,04 08:47,700 g
127431,CREMA HELADA DE CHOCOLATE Y VAINILLA (CON YEMA DE HUEVO) Y HELADO DE FRUTILLA AL AGUA. CON CEREZAS CONFITADAS TROZADAS. RECUBIERTO DE BAÑO DE REPOSTERÍA SABOR CHOCOLATE,773096,La muestra analizada no presenta particularidades desde el punto de vista quimico para los parametros analizados,,En condiciones,LA CIGALE,2024-01-11,2440/94,2026-09-16,16/09/2023,630 g
127432,Polvo para preparar postre tipo helado sabor frutilla,773102,Fuera de las condiciones reglamentarias,Decreto 117/006 Resolución GMC 26/03 Art. 5. En el rótulo no figura el lote ni la fecha de vencimiento.,En condiciones,BAHIANO,2024-01-11,3820/31,,,100 g
127430,POLVO PARA PREPARAR POSTRE TIPO HELADO LIGHT 39% REDUCIDO EN CALORIAS. RESPECTO DEL POSTRE TIPO HELADO RECREO SABOR DULCE DE LECHE,773089,La muestra analizada no presenta particularidades desde el punto de vista quimico para los parametros analizados,,En condiciones,RECREO,2024-01-10,371/199,2024-12-06,3157 A,80 g
127430,POLVO PARA PREPARAR POSTRE TIPO HELADO LIGHT 37% REDUCIDO EN CALORIAS  SABOR CHOCOLATE,773090,La muestra analizada no presenta particularidades desde el punto de vista quimico para los parametros analizados,,En condiciones,RECREO,2024-01-10,371/203,2024-06-05,2339 A,90 g
127429,JUGO DE NARANJA,773093,La muestra analizada no presenta particularidades desde el punto de vista quimico para los parametros analizados,,En condiciones,TIENDA INGLESA,2024-01-10,3106/714,2024-01-11,09/01/2024,500ml
127430,POLVO PARA PREPARAR POSTRE TIPO HELADO SABOR DULCE DE LECHE,773088,La muestra analizada no presenta particularidades desde el punto de vista quimico para los parametros analizados,,En condiciones,RECREO,2024-01-10,371/204,2025-04-30,3303 A,100g
127429,Jugo de Manzana y Remolacha,773095,La muestra analizada no presenta particularidades desde el punto de vista quimico para los parametros analizados,,En condiciones,NATURAL TREE,2024-01-10,32406/6,2024-05-12,121223,1L
127430,Polvo para preparar postre tipo helado sabor dulce de leche granizado,773092,La muestra analizada no presenta particularidades desde el punto de vista quimico para los parametros analizados,,En condiciones,RECREO,2024-01-10,371/226,2024-09-27,3086 A,110 g
127430,POLVO PARA PREPARAR POSTRE TIPO HELADO SABOR CHOCOLATE,773091,La muestra analizada no presenta particularidades desde el punto de vista quimico para los parametros analizados,,En condiciones,RECREO,2024-01-10,371/14,2025-04-17,3290 A,110 g
127429,JUGO DE MANZANA CON PULPA,773094,Fuera de las condiciones reglamentarias,Digesto Departamental Volumen VI Título II Art. D974. Producto no registrado en el SRA.,En condiciones,GROW,2024-01-10,No posee registro,2024-08-31,1808003,1L
127428,JUGO DE MANZANA PASTEURIZADO. LIBRE DE GLUTEN,773087,La muestra analizada no presenta particularidades desde el punto de vista quimico para los parametros analizados,,En condiciones,PURA FRUTTA,2024-01-09,1987/413,2024-03-01,1L07206023,1L
127428,JUGO DE MANZANA PASTEURIZADO. LIBRE DE GLUTEN,773086,La muestra analizada no presenta particularidades desde el punto de vista quimico para los parametros analizados,,En condiciones,PURA FRUTTA,2024-01-09,1987/412,2024-10-23,1L17429623 14:05,1L
127428,JUGO DE NARANJA PASTEURIZADO. LIBRE DE GLUTEN,773085,La muestra analizada no presenta particularidades desde el punto de vista quimico para los parametros analizados,,En condiciones,PURA FRUTTA,2024-01-09,1987/411,2024-07-10,1L13019123 11:35,1L
127427,Leche parcialmente descremada UAT homogeneizada. adicionada con vitaminas A y D. Sin lactosa. libre de gluten,773074,La muestra analizada no presenta particularidades desde el punto de vista quimico para los parametros analizados,,En condiciones,LA SERENISIMA,2024-01-08,19271/1169,2024-04-27,HR 16:46,1 L
127427,LECHE DESCREMADA UHT ADICIONADA DE VITAMINAS A Y D3. LIBRE DE GLUTEN,773075,La muestra analizada no presenta particularidades desde el punto de vista quimico para los parametros analizados,,En condiciones,CONAPROLE,2024-01-08,1395/1184,2024-05-15,47468188  07 161123 13 45 36,1 L
127427,LECHE DE CABRA ESTERILIZADA,773073,Fuera de las condiciones reglamentarias,Digesto Departamental Volumen VI Título II Art. D974.2 y Resolución 4054/018 Art. 10. La habilitación del producto está vencida.,En condiciones,CERRO NEGRO,2024-01-08,22794/18,2024-03-21,339/T2,900 ml
127427,LECHE ENTERA UHT. Libre de gluten,773076,La muestra analizada no presenta particularidades desde el punto de vista quimico para los parametros analizados,,En condiciones,CONAPROLE,2024-01-08,1395/758,2024-07-11,471282138 04 111023 160820,1 L
127427,LECHE DESCREMADA UHT - Libre de gluten,773077,La muestra analizada no presenta particularidades desde el punto de vista quimico para los parametros analizados,,En condiciones,CONAPROLE,2024-01-08,1395/757,2024-09-07,473682137 03 07 1123 083703,1 L
127427,Leche UHT entera Larga Vida - Libre de gluten,773078,Fuera de las condiciones reglamentarias,Digesto Departamental Volumen VI Título II Art. D974.2 y Resolución 4054/18 Art. 10. el producto tiene la habilitación vencida desde el 29/11/2021.,En condiciones,BLANCANUBE,2024-01-08,1395/1012,2024-07-27,472981338 02 271023 121211,1 L
127426,POLVO PARA PREPARAR POSTRE TIPO HELADO SABOR VAINILLA LIGHT 39% REDUCIDO EN CALORIAS RESPECTO DEL POSTRE TIPO HELADO RECREO SABOR VAINILLA,773072,La muestra analizada no presenta particularidades desde el punto de vista quimico para los parametros analizados,,En condiciones,RECREO,2024-01-05,371/198,2025-05-30,3334A,80 g
127426,POLVO PARA PREPARAR POSTRE TIPO HELADO SABOR DULCE DE LECHE,773068,La muestra analizada no presenta particularidades desde el punto de vista quimico para los parametros analizados,,En condiciones,ROYARINA,2024-01-05,6828/431,2024-12-31,L3 261/1,50 g
127426,POLVO PARA PREPARAR POSTRE HELADO SABOR CHOCOLATE,773069,La muestra analizada no presenta particularidades desde el punto de vista quimico para los parametros analizados,,En condiciones,ROYARINA,2024-01-05,6828/430,2024-12-31,L3 244/1,50 g
127426,POLVO PARA PREPARAR POSTRE TIPO HELADO SABOR VAINILLA,773067,La muestra analizada no presenta particularidades desde el punto de vista quimico para los parametros analizados,,En condiciones,ROYARINA,2024-01-05,6828/433,2024-12-31,L3 248/1,50 g
127426,POLVO PARA PREPARAR POSTRE TIPO HELADO SABOR FRUTILLA,773071,La muestra analizada no presenta particularidades desde el punto de vista quimico para los parametros analizados,,En condiciones,RECREO,2024-01-05,371/16,2025-06-18,3352A,100 g
127426,POLVO PARA PREPARAR POSTRE TIPO HELADO SABOR VAINILLA,773070,La muestra analizada no presenta particularidades desde el punto de vista quimico para los parametros analizados,,En condiciones,RECREO,2024-01-05,371/15,2025-05-13,3317A,100 g
127424,NECTAR DE NARANJA CON 65 % DE JUGO Y PULPA,773061,Fuera de las condiciones reglamentarias,Digesto Departamental Volumen VI Título II Art. D974.2 y Resolución 4054/018 Art.10. La habilitación del producto está vencida.,En condiciones,CONAPROLE,2024-01-04,1395/764,2024-05-09,L313 39738 12:14,250ml
127425,HELADO CREMA SABOR CRÉME BRULÈE MARMOLADO CON CARAMELO LIQUIDO,773059,La muestra analizada no presenta particularidades desde el punto de vista quimico para los parametros analizados,,En condiciones,CONAPROLE,2024-01-04,1395/1007,2025-08-10,250010 V17:24,125 g/250 mL
127425,HELADO CREMA SABOR VAINILLA,773057,La muestra analizada no presenta particularidades desde el punto de vista quimico para los parametros analizados,,En condiciones,CONAPROLE,2024-01-04,1395/278,2025-08-21,250821 V14:01,125 g /250 mL
127425,HELADO CREMA SABOR VAINILLA.....,773056,La muestra analizada no presenta particularidades desde el punto de vista quimico para los parametros analizados,,En condiciones,CONAPROLE,2024-01-04,1395/1151,2025-05-22,250522 C 07:56,500 g / 1 L
127425,Helado crema con puré de frutilla y puré de durazno,773058,La muestra analizada no presenta particularidades desde el punto de vista quimico para los parametros analizados,,En condiciones,CONAPROLE,2024-01-04,1395/699,2025-07-12,250712 13:14,125 g / 250 mL
127424,NÉCTAR DE NARANJA REDUCIDO EN AZÚCARES CON 50% DE JUGO DE NARANJA,773060,Fuera de las condiciones reglamentarias,Digesto Departamental Volumen VI Título II Art. D974.3. De acuerdo a lo declarado en la información nutricional debe presentar rotulado frontal por exceso de azícares.,En condiciones,MAXIFRUTA,2024-01-04,17779/186,2024-11-30,2911002 08:54,200ml
127424,JUGO DE NARANJA. BANANA. MANZANA. FRUTILLA Y LIMON,773065,La muestra analizada no presenta particularidades desde el punto de vista quimico para los parametros analizados,,En condiciones,DAIRYCO,2024-01-04,1718/94,2024-02-19,17381 07:56,500ml
127425,Helado de leche sabor frutilla con salsa de frutilla,773055,La muestra analizada no presenta particularidades desde el punto de vista quimico para los parametros analizados,,En condiciones,CRUFI,2024-01-04,1712/160,2025-03-31,16 07:08:33,2L / 1000 g
127398,Crema helada de dulce de leche con granas de baño de repostería semiamargo.,773066,La muestra analizada no presenta particularidades desde el punto de vista quimico para los parametros analizados,,En condiciones,LEKKER,2024-01-04,23957/507,2025-09-26,20230926,500 g/1 L
127424,JUGO DE NARANJA CON PULPA,773062,La muestra analizada no presenta particularidades desde el punto de vista quimico para los parametros analizados,,En condiciones,DAIRYCO,2024-01-04,1718/52,2024-02-11,17348 07:38,500ml
127424,Jugo de naranja con zanahoria 34% menos de calorías,773063,La muestra analizada no presenta particularidades desde el punto de vista quimico para los parametros analizados,,En condiciones,DAIRYCO,2024-01-04,1718/55,2024-02-18,17375 08.25,500ml
127424,Jugo de naranja 29% reducido en calorias,773064,La muestra analizada no presenta particularidades desde el punto de vista quimico para los parametros analizados,,En condiciones,DAIRYCO,2024-01-04,1718/103,2024-02-18,17377 11:24,500ml
127423,LECHE ENTERA (ULTRAPASTEURIZADA),773051,La muestra analizada no presenta particularidades desde el punto de vista quimico para los parametros analizados,,En condiciones,CONAPROLE,2024-01-03,1395/216,2024-01-14,JT3 06:40 L240114D63,1 L
127423,LECHE FRESCA PASTEURIZADA ENTERA,773053,La muestra analizada no presenta particularidades desde el punto de vista quimico para los parametros analizados,,En condiciones,CONAPROLE,2024-01-03,1395/1,2024-01-06,GB 23:53 12 L212312301,1 L
127423,LECHE SEMIDESCREMADA ULTRAPASTEURIZADA  EXTRA CALCIO,773052,La muestra analizada no presenta particularidades desde el punto de vista quimico para los parametros analizados,,En condiciones,CONAPROLE,2024-01-03,1395/482,2024-01-19,KT6 03:13 L240119D51,1 L
127423,LECHE PASTEURIZADA DESCREMADA,773054,La muestra analizada no presenta particularidades desde el punto de vista quimico para los parametros analizados,,En condiciones,CONAPROLE,2024-01-03,1395/2,2024-01-05,5A 09:0116 L212312292,1 L
127423,LECHE ULTRAPASTERIZADA DESCREMADA ADICIONADA DE CALCIO Y VITAMINAS A.D3 Y E,773049,La muestra analizada no presenta particularidades desde el punto de vista quimico para los parametros analizados,,En condiciones,CONAPROLE,2024-01-03,1395/495,2024-01-12,KT6 05:47 L240112D52,1 L
127423,LECHE ULTRAPASTEURIZADA DESCREMADA,773050,La muestra analizada no presenta particularidades desde el punto de vista quimico para los parametros analizados,,En condiciones,CONAPROLE,2024-01-03,1395/217,2024-01-07,L T5 01:24 L240107D44,1 L
